п»їstage_path,count,percentage
C1,677,19.18
A,571,16.18
B,543,15.39
D,102,2.89
C1 в†’ B,101,2.86
C1 в†’ A,99,2.81
B в†’ C1,85,2.41
B в†’ A,85,2.41
E,82,2.32
A в†’ C1,80,2.27
A в†’ B,67,1.9
C2,66,1.87
C1 в†’ B в†’ C1,27,0.77
C1 в†’ D,26,0.74
C1 в†’ A в†’ C1,24,0.68
C2 в†’ C1,21,0.6
B в†’ C1 в†’ B,20,0.57
A в†’ B в†’ A,18,0.51
A в†’ E,17,0.48
D в†’ A,16,0.45
D в†’ B,16,0.45
E в†’ C1,16,0.45
C1 в†’ B в†’ A,16,0.45
B в†’ C1 в†’ A,15,0.43
C1 в†’ C2,14,0.4
B в†’ A в†’ B,14,0.4
A в†’ C1 в†’ B,14,0.4
D в†’ C1,14,0.4
A в†’ C1 в†’ A,13,0.37
B в†’ A в†’ C1,13,0.37
B в†’ D,12,0.34
B в†’ C2,12,0.34
A в†’ C2,11,0.31
A в†’ B в†’ C1,11,0.31
C1 в†’ E,11,0.31
C2 в†’ B,11,0.31
C2 в†’ A,10,0.28
E в†’ A,10,0.28
C1 в†’ A в†’ B,9,0.26
E в†’ B,9,0.26
A в†’ D,8,0.23
B в†’ E,8,0.23
B в†’ E в†’ A,6,0.17
D в†’ C1 в†’ B,6,0.17
C1 в†’ A в†’ D,6,0.17
C1 в†’ D в†’ C1,5,0.14
B в†’ C1 в†’ A в†’ B,5,0.14
A в†’ D в†’ A,5,0.14
A в†’ C1 в†’ D,5,0.14
C1 в†’ D в†’ B,5,0.14
C1 в†’ B в†’ C1 в†’ B,5,0.14
B в†’ A в†’ C1 в†’ A,5,0.14
E в†’ C1 в†’ A,5,0.14
A в†’ C2 в†’ A,4,0.11
A в†’ C1 в†’ B в†’ C1,4,0.11
C1 в†’ A в†’ C1 в†’ A,4,0.11
A в†’ C1 в†’ E,4,0.11
B в†’ C1 в†’ D,4,0.11
C1 в†’ C2 в†’ C1,4,0.11
C1 в†’ E в†’ A,4,0.11
A в†’ C1 в†’ B в†’ A,4,0.11
B в†’ E в†’ B,4,0.11
C2 в†’ A в†’ C1,4,0.11
A в†’ D в†’ C1,3,0.09
B в†’ C2 в†’ C1,3,0.09
C1 в†’ A в†’ C1 в†’ B в†’ A,3,0.09
C1 в†’ C2 в†’ B,3,0.09
B в†’ C1 в†’ B в†’ A,3,0.09
A в†’ C1 в†’ A в†’ C1,3,0.09
C1 в†’ A в†’ B в†’ C1,3,0.09
B в†’ A в†’ B в†’ C1,3,0.09
D в†’ C1 в†’ A,3,0.09
C1 в†’ C2 в†’ A,3,0.09
C1 в†’ B в†’ A в†’ B,3,0.09
C1 в†’ A в†’ C1 в†’ B,3,0.09
D в†’ A в†’ B,3,0.09
C2 в†’ D,3,0.09
D в†’ E,2,0.06
B в†’ A в†’ B в†’ E,2,0.06
B в†’ A в†’ B в†’ A в†’ B,2,0.06
C1 в†’ B в†’ C2,2,0.06
A в†’ C2 в†’ C1,2,0.06
C1 в†’ E в†’ B в†’ A,2,0.06
A в†’ E в†’ C1,2,0.06
D в†’ B в†’ C1,2,0.06
C1 в†’ E в†’ C1 в†’ A в†’ B,2,0.06
C1 в†’ E в†’ C1,2,0.06
C2 в†’ A в†’ B в†’ A в†’ B,2,0.06
B в†’ E в†’ C1,2,0.06
C1 в†’ A в†’ C1 в†’ B в†’ A в†’ B,2,0.06
C1 в†’ B в†’ C1 в†’ D,2,0.06
C1 в†’ B в†’ C1 в†’ A,2,0.06
C1 в†’ B в†’ A в†’ B в†’ C1,2,0.06
C1 в†’ A в†’ E,2,0.06
B в†’ C1 в†’ B в†’ A в†’ B,2,0.06
B в†’ C1 в†’ E в†’ B,2,0.06
B в†’ C1 в†’ B в†’ C1,2,0.06
C1 в†’ D в†’ E в†’ B,2,0.06
C1 в†’ B в†’ E,2,0.06
B в†’ D в†’ A,2,0.06
A в†’ C2 в†’ B в†’ C1,2,0.06
C1 в†’ B в†’ A в†’ C1 в†’ A,2,0.06
B в†’ C1 в†’ C2 в†’ B,2,0.06
A в†’ B в†’ D в†’ B,2,0.06
E в†’ B в†’ A,2,0.06
A в†’ C1 в†’ A в†’ B,2,0.06
C2 в†’ A в†’ B,2,0.06
C1 в†’ E в†’ D,2,0.06
A в†’ B в†’ A в†’ C1 в†’ A,2,0.06
B в†’ A в†’ B в†’ C1 в†’ D,2,0.06
A в†’ B в†’ C1 в†’ B в†’ C1,2,0.06
E в†’ D,2,0.06
A в†’ B в†’ C1 в†’ A,2,0.06
B в†’ A в†’ D,2,0.06
A в†’ B в†’ A в†’ B,2,0.06
A в†’ C1 в†’ D в†’ C1,2,0.06
B в†’ D в†’ C1,2,0.06
D в†’ C2,2,0.06
C1 в†’ D в†’ A,2,0.06
B в†’ A в†’ C2,2,0.06
A в†’ D в†’ B,2,0.06
C2 в†’ C1 в†’ D,2,0.06
B в†’ C1 в†’ A в†’ C1 в†’ A,2,0.06
B в†’ E в†’ B в†’ C1 в†’ A,1,0.03
E в†’ C1 в†’ C2,1,0.03
A в†’ C1 в†’ D в†’ C2 в†’ C1 в†’ B,1,0.03
C1 в†’ B в†’ C1 в†’ D в†’ B,1,0.03
B в†’ C1 в†’ D в†’ A в†’ C1 в†’ A в†’ B,1,0.03
B в†’ C1 в†’ B в†’ C1 в†’ B,1,0.03
A в†’ C1 в†’ E в†’ A в†’ C1,1,0.03
C1 в†’ B в†’ A в†’ B в†’ A в†’ B в†’ A,1,0.03
A в†’ C1 в†’ A в†’ B в†’ C1 в†’ A в†’ C1,1,0.03
B в†’ A в†’ C2 в†’ C1,1,0.03
B в†’ A в†’ C1 в†’ B в†’ C2 в†’ D,1,0.03
B в†’ A в†’ B в†’ C1 в†’ A,1,0.03
C1 в†’ A в†’ B в†’ A в†’ B в†’ A в†’ B в†’ A,1,0.03
C1 в†’ B в†’ E в†’ C1 в†’ B в†’ D в†’ A в†’ C1 в†’ A в†’ B в†’ C1 в†’ C2 в†’ B в†’ C2,1,0.03
C1 в†’ B в†’ C1 в†’ C2 в†’ B в†’ C1,1,0.03
C2 в†’ E в†’ A в†’ B,1,0.03
B в†’ C1 в†’ B в†’ C1 в†’ B в†’ D в†’ A в†’ E в†’ A в†’ B в†’ A в†’ B в†’ A в†’ C1 в†’ A в†’ E в†’ A в†’ B в†’ A в†’ C1 в†’ B в†’ A в†’ D в†’ A в†’ B в†’ C1 в†’ A в†’ B,1,0.03
C2 в†’ C1 в†’ A,1,0.03
C2 в†’ C1 в†’ A в†’ E в†’ A в†’ C1 в†’ A в†’ C1 в†’ B в†’ C1,1,0.03
C1 в†’ B в†’ A в†’ C2,1,0.03
C1 в†’ B в†’ C1 в†’ A в†’ B в†’ A,1,0.03
C1 в†’ E в†’ B в†’ A в†’ E,1,0.03
A в†’ B в†’ D в†’ C1 в†’ B в†’ A в†’ B в†’ D в†’ A в†’ D в†’ C1 в†’ A в†’ C1 в†’ A,1,0.03
C1 в†’ A в†’ C2 в†’ A,1,0.03
C1 в†’ D в†’ C1 в†’ A в†’ B,1,0.03
C1 в†’ B в†’ C1 в†’ E,1,0.03
D в†’ B в†’ C1 в†’ A в†’ B,1,0.03
B в†’ E в†’ A в†’ B,1,0.03
C2 в†’ B в†’ C1 в†’ D,1,0.03
C2 в†’ C1 в†’ B в†’ D в†’ C1,1,0.03
B в†’ C1 в†’ E,1,0.03
E в†’ D в†’ C1 в†’ A,1,0.03
C1 в†’ A в†’ C1 в†’ A в†’ C1 в†’ C2 в†’ C1 в†’ A в†’ B в†’ A,1,0.03
C1 в†’ B в†’ A в†’ B в†’ A,1,0.03
C1 в†’ C2 в†’ A в†’ B в†’ C1 в†’ B в†’ C1 в†’ A,1,0.03
B в†’ C1 в†’ D в†’ B в†’ A,1,0.03
B в†’ C1 в†’ A в†’ C2 в†’ D в†’ C1 в†’ A в†’ C1 в†’ E,1,0.03
C1 в†’ D в†’ B в†’ A в†’ B в†’ D в†’ C1,1,0.03
C1 в†’ E в†’ A в†’ D,1,0.03
A в†’ C2 в†’ A в†’ B в†’ C1 в†’ A в†’ B в†’ A,1,0.03
C1 в†’ E в†’ B в†’ A в†’ C2 в†’ E в†’ B,1,0.03
C1 в†’ D в†’ E,1,0.03
B в†’ C1 в†’ B в†’ C1 в†’ B в†’ C1,1,0.03
C1 в†’ B в†’ C1 в†’ B в†’ A в†’ C1 в†’ C2 в†’ C1 в†’ A,1,0.03
C1 в†’ B в†’ A в†’ D в†’ A в†’ C1 в†’ A в†’ C1 в†’ A в†’ C1,1,0.03
E в†’ B в†’ A в†’ D в†’ C1,1,0.03
C1 в†’ C2 в†’ C1 в†’ B в†’ C1 в†’ A в†’ C1 в†’ A в†’ D в†’ C1 в†’ B в†’ A в†’ C1 в†’ B в†’ A в†’ D в†’ A в†’ D в†’ A,1,0.03
C2 в†’ B в†’ C1 в†’ A,1,0.03
B в†’ C2 в†’ C1 в†’ A в†’ B в†’ A,1,0.03
C1 в†’ A в†’ E в†’ C1 в†’ A в†’ B в†’ A в†’ B в†’ A,1,0.03
E в†’ C2 в†’ B в†’ C1 в†’ E,1,0.03
B в†’ A в†’ C1 в†’ A в†’ C1 в†’ B в†’ C1,1,0.03
B в†’ C1 в†’ A в†’ C1 в†’ B в†’ C2,1,0.03
C1 в†’ D в†’ C1 в†’ B в†’ C1 в†’ B,1,0.03
C2 в†’ B в†’ C1 в†’ B,1,0.03
C1 в†’ A в†’ B в†’ C2 в†’ B в†’ C1,1,0.03
C1 в†’ A в†’ B в†’ D в†’ A в†’ D в†’ A,1,0.03
E в†’ A в†’ D,1,0.03
A в†’ B в†’ A в†’ E в†’ C1,1,0.03
B в†’ D в†’ B в†’ C1,1,0.03
C1 в†’ C2 в†’ C1 в†’ A в†’ C1,1,0.03
C1 в†’ B в†’ C1 в†’ A в†’ D в†’ C1,1,0.03
B в†’ C1 в†’ D в†’ C1 в†’ D в†’ C1 в†’ A в†’ B в†’ D,1,0.03
C1 в†’ E в†’ C1 в†’ C2 в†’ B,1,0.03
B в†’ C2 в†’ B в†’ A в†’ C2 в†’ B в†’ C1 в†’ B в†’ C1 в†’ B,1,0.03
A в†’ C1 в†’ E в†’ C1 в†’ A в†’ C1,1,0.03
C1 в†’ A в†’ B в†’ C1 в†’ D в†’ C1,1,0.03
D в†’ E в†’ D в†’ C1 в†’ B в†’ C2 в†’ C1 в†’ B в†’ E в†’ A в†’ C1,1,0.03
B в†’ C1 в†’ D в†’ C1 в†’ B в†’ A в†’ B в†’ C1,1,0.03
B в†’ C1 в†’ A в†’ B в†’ C1,1,0.03
C1 в†’ A в†’ E в†’ A в†’ B в†’ C1 в†’ A в†’ C1,1,0.03
C1 в†’ E в†’ B,1,0.03
B в†’ A в†’ C1 в†’ B,1,0.03
C1 в†’ A в†’ C1 в†’ B в†’ C1 в†’ A в†’ B,1,0.03
B в†’ D в†’ B,1,0.03
C1 в†’ E в†’ C2 в†’ B,1,0.03
C1 в†’ D в†’ C2,1,0.03
C1 в†’ B в†’ C2 в†’ A в†’ B,1,0.03
C1 в†’ D в†’ C2 в†’ A в†’ C1 в†’ D в†’ B,1,0.03
D в†’ A в†’ B в†’ A,1,0.03
C1 в†’ B в†’ E в†’ C1,1,0.03
A в†’ E в†’ B,1,0.03
E в†’ A в†’ C1 в†’ B,1,0.03
B в†’ C1 в†’ B в†’ C1 в†’ B в†’ A в†’ E,1,0.03
B в†’ C1 в†’ C2,1,0.03
A в†’ C1 в†’ A в†’ C1 в†’ B в†’ C2 в†’ B в†’ A,1,0.03
B в†’ D в†’ B в†’ C2 в†’ C1 в†’ B в†’ A в†’ C1,1,0.03
E в†’ B в†’ E в†’ D в†’ E,1,0.03
C2 в†’ D в†’ A,1,0.03
E в†’ B в†’ E,1,0.03
C1 в†’ A в†’ C2 в†’ C1 в†’ B,1,0.03
A в†’ C1 в†’ A в†’ C1 в†’ B в†’ A в†’ B,1,0.03
C2 в†’ A в†’ E,1,0.03
C1 в†’ B в†’ A в†’ B в†’ A в†’ C2 в†’ C1 в†’ B в†’ A в†’ C1 в†’ A в†’ C1 в†’ A,1,0.03
B в†’ C2 в†’ A,1,0.03
B в†’ C1 в†’ B в†’ C2 в†’ A в†’ B,1,0.03
A в†’ B в†’ C1 в†’ B в†’ A,1,0.03
C1 в†’ B в†’ D в†’ A,1,0.03
C1 в†’ B в†’ A в†’ B в†’ C1 в†’ B,1,0.03
B в†’ A в†’ B в†’ A в†’ C1 в†’ A в†’ C2 в†’ C1 в†’ B в†’ C1 в†’ B в†’ C1,1,0.03
A в†’ B в†’ C1 в†’ A в†’ D,1,0.03
E в†’ A в†’ C1 в†’ D,1,0.03
B в†’ A в†’ B в†’ C1 в†’ B,1,0.03
A в†’ B в†’ A в†’ C1 в†’ B в†’ C1 в†’ D в†’ B,1,0.03
A в†’ C1 в†’ D в†’ A,1,0.03
C2 в†’ A в†’ D в†’ C1,1,0.03
D в†’ A в†’ C1 в†’ A в†’ D,1,0.03
C1 в†’ B в†’ C1 в†’ B в†’ C1,1,0.03
B в†’ A в†’ E,1,0.03
B в†’ C1 в†’ B в†’ C1 в†’ B в†’ A в†’ B в†’ C1,1,0.03
A в†’ D в†’ C1 в†’ A в†’ B,1,0.03
C1 в†’ A в†’ B в†’ C1 в†’ B в†’ C1 в†’ B,1,0.03
D в†’ C1 в†’ E в†’ C1,1,0.03
C1 в†’ D в†’ A в†’ C1,1,0.03
C2 в†’ A в†’ D,1,0.03
C1 в†’ C2 в†’ D в†’ C2,1,0.03
B в†’ A в†’ C1 в†’ B в†’ C1,1,0.03
C2 в†’ C1 в†’ B,1,0.03
D в†’ A в†’ D в†’ C1,1,0.03
E в†’ A в†’ B в†’ A,1,0.03
C1 в†’ B в†’ C1 в†’ E в†’ C1 в†’ A,1,0.03
E в†’ A в†’ C2 в†’ C1 в†’ B,1,0.03
C1 в†’ B в†’ C1 в†’ B в†’ A в†’ C1 в†’ A в†’ C1 в†’ A,1,0.03
C1 в†’ E в†’ C1 в†’ B,1,0.03
A в†’ E в†’ A в†’ B в†’ C1,1,0.03
C1 в†’ A в†’ C1 в†’ B в†’ C2 в†’ A в†’ C1 в†’ E в†’ C1 в†’ C2,1,0.03
A в†’ D в†’ B в†’ C1 в†’ B,1,0.03
E в†’ C1 в†’ C2 в†’ C1 в†’ B в†’ A в†’ C1,1,0.03
C1 в†’ E в†’ B в†’ C1,1,0.03
B в†’ C1 в†’ B в†’ C2 в†’ C1,1,0.03
A в†’ C2 в†’ C1 в†’ A,1,0.03
C2 в†’ D в†’ E,1,0.03
B в†’ C2 в†’ B,1,0.03
D в†’ B в†’ E в†’ D,1,0.03
C1 в†’ B в†’ C1 в†’ C2,1,0.03
C2 в†’ A в†’ C1 в†’ B в†’ C1 в†’ A,1,0.03
D в†’ A в†’ B в†’ C1 в†’ A в†’ B в†’ D в†’ C2,1,0.03
C1 в†’ B в†’ C1 в†’ D в†’ C1 в†’ D в†’ C1 в†’ A в†’ C1,1,0.03
A в†’ E в†’ C1 в†’ A в†’ B,1,0.03
A в†’ C1 в†’ B в†’ C2 в†’ C1 в†’ A в†’ B,1,0.03
B в†’ C1 в†’ A в†’ B в†’ C1 в†’ A в†’ C1 в†’ D,1,0.03
C1 в†’ A в†’ B в†’ A в†’ B,1,0.03
C1 в†’ D в†’ C1 в†’ D в†’ C1 в†’ C2 в†’ B в†’ A в†’ B в†’ C1 в†’ A в†’ C1 в†’ A в†’ D в†’ C2,1,0.03
B в†’ A в†’ B в†’ D в†’ A в†’ D в†’ C1 в†’ A,1,0.03
D в†’ C1 в†’ B в†’ C1 в†’ A,1,0.03
A в†’ C1 в†’ B в†’ E в†’ C1,1,0.03
A в†’ B в†’ A в†’ B в†’ A в†’ B в†’ C1 в†’ A в†’ C1,1,0.03
B в†’ C1 в†’ A в†’ C1,1,0.03
B в†’ C1 в†’ C2 в†’ C1 в†’ B,1,0.03
B в†’ A в†’ B в†’ C2 в†’ A в†’ C1 в†’ A в†’ C1 в†’ D в†’ A,1,0.03
C1 в†’ B в†’ A в†’ C2 в†’ A в†’ B в†’ D в†’ A в†’ C1 в†’ A,1,0.03
A в†’ C1 в†’ A в†’ C1 в†’ B в†’ C1 в†’ B в†’ A,1,0.03
C1 в†’ A в†’ C1 в†’ B в†’ C1 в†’ B в†’ C1 в†’ A в†’ C1 в†’ A в†’ B в†’ A,1,0.03
A в†’ E в†’ C1 в†’ D в†’ A,1,0.03
D в†’ C1 в†’ B в†’ A,1,0.03
B в†’ C1 в†’ D в†’ C1 в†’ A,1,0.03
C1 в†’ A в†’ D в†’ A,1,0.03
B в†’ C1 в†’ D в†’ C1 в†’ B в†’ C1 в†’ E в†’ C1 в†’ B,1,0.03
A в†’ C1 в†’ B в†’ C1 в†’ B в†’ A в†’ B в†’ C1 в†’ B в†’ C1,1,0.03
C2 в†’ E,1,0.03
E в†’ A в†’ B,1,0.03
E в†’ C1 в†’ B в†’ C1,1,0.03
A в†’ B в†’ C2 в†’ C1,1,0.03
C2 в†’ C1 в†’ A в†’ C1,1,0.03
B в†’ A в†’ C1 в†’ A в†’ B в†’ C1,1,0.03
E в†’ C2 в†’ A в†’ C1 в†’ B,1,0.03
C1 в†’ C2 в†’ C1 в†’ A в†’ C1 в†’ A в†’ B,1,0.03
A в†’ C1 в†’ B в†’ A в†’ B,1,0.03
C1 в†’ A в†’ C1 в†’ B в†’ C1 в†’ B в†’ C1 в†’ C2 в†’ B в†’ C1,1,0.03
C1 в†’ A в†’ C1 в†’ E в†’ B,1,0.03
C1 в†’ C2 в†’ B в†’ C1 в†’ B,1,0.03
B в†’ A в†’ C1 в†’ B в†’ C2 в†’ C1 в†’ B,1,0.03
B в†’ A в†’ B в†’ A,1,0.03
D в†’ C1 в†’ B в†’ C2,1,0.03
C1 в†’ E в†’ B в†’ C1 в†’ B,1,0.03
C2 в†’ B в†’ A в†’ C2,1,0.03
A в†’ B в†’ C1 в†’ D в†’ C1,1,0.03
C1 в†’ E в†’ C2 в†’ E в†’ B в†’ E в†’ C1 в†’ A в†’ C2 в†’ C1 в†’ A,1,0.03
B в†’ C2 в†’ D,1,0.03
A в†’ B в†’ C1 в†’ A в†’ C1 в†’ B в†’ C1 в†’ A в†’ D,1,0.03
B в†’ C1 в†’ B в†’ D в†’ C1,1,0.03
C2 в†’ B в†’ A в†’ C2 в†’ C1 в†’ A в†’ C1,1,0.03
A в†’ B в†’ E,1,0.03
C2 в†’ C1 в†’ B в†’ E в†’ B,1,0.03
C1 в†’ A в†’ B в†’ C1 в†’ B,1,0.03
A в†’ D в†’ C1 в†’ E в†’ A в†’ C1 в†’ B в†’ C1,1,0.03
C1 в†’ A в†’ B в†’ C1 в†’ B в†’ A в†’ B в†’ C1,1,0.03
B в†’ D в†’ C1 в†’ B,1,0.03
C1 в†’ A в†’ C1 в†’ A в†’ C1 в†’ B,1,0.03
A в†’ B в†’ A в†’ C1 в†’ B,1,0.03
C1 в†’ E в†’ D в†’ A в†’ C1,1,0.03
B в†’ C1 в†’ A в†’ C1 в†’ B,1,0.03
A в†’ C1 в†’ B в†’ A в†’ C1 в†’ A в†’ E в†’ A,1,0.03
D в†’ C2 в†’ D,1,0.03
B в†’ A в†’ E в†’ B в†’ C1,1,0.03
A в†’ B в†’ C1 в†’ B,1,0.03
C2 в†’ C1 в†’ E,1,0.03
C1 в†’ A в†’ D в†’ B в†’ C1 в†’ B в†’ C1 в†’ A,1,0.03
C1 в†’ D в†’ C1 в†’ A в†’ D в†’ C1 в†’ A в†’ B в†’ C1 в†’ A в†’ C2 в†’ B в†’ C1 в†’ B в†’ C2,1,0.03
B в†’ A в†’ C2 в†’ B,1,0.03
B в†’ C1 в†’ A в†’ D в†’ A,1,0.03
B в†’ C1 в†’ B в†’ D,1,0.03
E в†’ C1 в†’ B в†’ A,1,0.03
C1 в†’ A в†’ B в†’ A в†’ D,1,0.03
A в†’ B в†’ C1 в†’ B в†’ D в†’ B,1,0.03
C1 в†’ A в†’ C1 в†’ E в†’ C1,1,0.03
A в†’ C1 в†’ A в†’ C2 в†’ C1,1,0.03
B в†’ A в†’ B в†’ C1 в†’ A в†’ B в†’ C2 в†’ B,1,0.03
A в†’ B в†’ E в†’ A,1,0.03
C2 в†’ C1 в†’ E в†’ A,1,0.03
E в†’ C1 в†’ B,1,0.03
A в†’ C1 в†’ A в†’ D,1,0.03
A в†’ C2 в†’ C1 в†’ B,1,0.03
E в†’ C1 в†’ C2 в†’ B в†’ C1 в†’ B в†’ A,1,0.03
B в†’ A в†’ B в†’ C1 в†’ B в†’ A в†’ C1 в†’ A в†’ D,1,0.03
B в†’ C1 в†’ B в†’ C2 в†’ A в†’ B в†’ C2,1,0.03
B в†’ C1 в†’ A в†’ C2,1,0.03
C1 в†’ A в†’ E в†’ C1,1,0.03
E в†’ C1 в†’ E в†’ C1,1,0.03
C1 в†’ A в†’ B в†’ C2 в†’ B,1,0.03
B в†’ A в†’ B в†’ A в†’ B в†’ A,1,0.03
D в†’ A в†’ D в†’ B,1,0.03
E в†’ C2,1,0.03
C1 в†’ B в†’ C1 в†’ A в†’ B в†’ A в†’ C1 в†’ C2 в†’ B,1,0.03
D в†’ C1 в†’ B в†’ C1,1,0.03
C1 в†’ E в†’ C1 в†’ E,1,0.03
A в†’ C1 в†’ B в†’ A в†’ B в†’ C1 в†’ B,1,0.03
A в†’ C1 в†’ B в†’ E,1,0.03
B в†’ A в†’ D в†’ C1 в†’ A в†’ C2 в†’ A в†’ D в†’ A в†’ C1 в†’ A в†’ B в†’ C1 в†’ A,1,0.03
D в†’ B в†’ C1 в†’ B,1,0.03
B в†’ C1 в†’ B в†’ C1 в†’ B в†’ D,1,0.03
C1 в†’ E в†’ C1 в†’ C2 в†’ C1 в†’ B,1,0.03
C1 в†’ A в†’ B в†’ A в†’ B в†’ A в†’ B в†’ D в†’ C1 в†’ B,1,0.03
A в†’ D в†’ A в†’ C1,1,0.03
B в†’ A в†’ C2 в†’ D в†’ C1 в†’ A в†’ C1,1,0.03
C1 в†’ B в†’ A в†’ C2 в†’ C1 в†’ B,1,0.03
C1 в†’ A в†’ D в†’ E,1,0.03
D в†’ E в†’ B в†’ C1,1,0.03
C1 в†’ B в†’ A в†’ B в†’ A в†’ C1,1,0.03
B в†’ C1 в†’ C2 в†’ C1,1,0.03
A в†’ B в†’ A в†’ B в†’ C1 в†’ A,1,0.03
D в†’ A в†’ C1,1,0.03
C1 в†’ A в†’ B в†’ C1 в†’ A в†’ B,1,0.03
A в†’ C2 в†’ E в†’ A,1,0.03
E в†’ C1 в†’ A в†’ B в†’ C1,1,0.03
C1 в†’ D в†’ B в†’ C1 в†’ B в†’ C1 в†’ D в†’ C1 в†’ B в†’ C1,1,0.03
C2 в†’ E в†’ C1 в†’ A в†’ C1,1,0.03
C1 в†’ A в†’ C2,1,0.03
A в†’ B в†’ C1 в†’ A в†’ C2 в†’ C1,1,0.03
C1 в†’ B в†’ D в†’ C1,1,0.03
C1 в†’ C2 в†’ B в†’ E,1,0.03
E в†’ A в†’ C1,1,0.03
A в†’ C1 в†’ B в†’ A в†’ C1,1,0.03
A в†’ C1 в†’ E в†’ B,1,0.03
A в†’ C1 в†’ A в†’ C1 в†’ A в†’ B,1,0.03
A в†’ C1 в†’ C2 в†’ A в†’ B,1,0.03
A в†’ B в†’ D в†’ B в†’ A в†’ B в†’ A в†’ B в†’ A в†’ B в†’ E в†’ B в†’ C1 в†’ D,1,0.03
B в†’ C2 в†’ B в†’ A в†’ C1,1,0.03
E в†’ C1 в†’ A в†’ B в†’ A в†’ C1,1,0.03
C1 в†’ A в†’ B в†’ A в†’ C1,1,0.03
D в†’ B в†’ E,1,0.03
B в†’ D в†’ B в†’ C1 в†’ A в†’ C1 в†’ B в†’ C1 в†’ A,1,0.03
B в†’ A в†’ C1 в†’ B в†’ E в†’ B,1,0.03
E в†’ B в†’ E в†’ C1 в†’ A,1,0.03
C2 в†’ D в†’ B в†’ A в†’ E,1,0.03
B в†’ C2 в†’ C1 в†’ B,1,0.03
B в†’ A в†’ C1 в†’ B в†’ C1 в†’ B в†’ C1 в†’ B в†’ C1 в†’ D в†’ C1 в†’ C2,1,0.03
A в†’ C1 в†’ A в†’ B в†’ C2,1,0.03
A в†’ C1 в†’ D в†’ B в†’ C1 в†’ C2,1,0.03
D в†’ A в†’ B в†’ D в†’ B в†’ C1,1,0.03
C1 в†’ B в†’ A в†’ E в†’ B,1,0.03
B в†’ D в†’ C1 в†’ A,1,0.03
D в†’ B в†’ C1 в†’ B в†’ A в†’ C1 в†’ B,1,0.03
C1 в†’ A в†’ C1 в†’ B в†’ A в†’ B в†’ A в†’ B,1,0.03
C1 в†’ B в†’ C1 в†’ D в†’ C1,1,0.03
B в†’ C1 в†’ D в†’ C1,1,0.03
E в†’ C1 в†’ B в†’ C2,1,0.03
E в†’ B в†’ C1 в†’ A в†’ B в†’ C1,1,0.03
C1 в†’ A в†’ B в†’ A в†’ C2,1,0.03
E в†’ A в†’ B в†’ C1 в†’ B,1,0.03
E в†’ B в†’ C1,1,0.03
C1 в†’ D в†’ A в†’ B,1,0.03
A в†’ B в†’ A в†’ C1,1,0.03
C1 в†’ A в†’ E в†’ B в†’ A в†’ C1,1,0.03
A в†’ C1 в†’ A в†’ B в†’ A в†’ C1 в†’ B в†’ C1 в†’ B в†’ A в†’ B в†’ A в†’ C1 в†’ B,1,0.03
C1 в†’ A в†’ E в†’ A,1,0.03
B в†’ C2 в†’ B в†’ A в†’ C1 в†’ A в†’ C1 в†’ B в†’ C1 в†’ E в†’ A,1,0.03
C1 в†’ B в†’ D в†’ A в†’ B в†’ D в†’ B в†’ C1 в†’ A в†’ B в†’ A в†’ C1 в†’ C2 в†’ E в†’ C1,1,0.03
B в†’ C1 в†’ B в†’ A в†’ C1 в†’ B в†’ D в†’ E в†’ A в†’ C1 в†’ A в†’ B,1,0.03
D в†’ C1 в†’ A в†’ B в†’ C1 в†’ B в†’ A,1,0.03
D в†’ E в†’ C1,1,0.03
C1 в†’ A в†’ C1 в†’ B в†’ C1,1,0.03
A в†’ C1 в†’ B в†’ C1 в†’ B в†’ D,1,0.03
B в†’ D в†’ C2,1,0.03
C1 в†’ A в†’ C1 в†’ B в†’ A в†’ B в†’ D,1,0.03
A в†’ B в†’ C1 в†’ A в†’ C1,1,0.03
A в†’ D в†’ C1 в†’ B в†’ C1 в†’ B в†’ D в†’ B в†’ A,1,0.03
C1 в†’ A в†’ C1 в†’ A в†’ B,1,0.03
D в†’ A в†’ E,1,0.03
B в†’ C1 в†’ B в†’ C1 в†’ E,1,0.03
C1 в†’ A в†’ B в†’ A в†’ B в†’ A,1,0.03
A в†’ B в†’ A в†’ C1 в†’ C2 в†’ B в†’ D в†’ A,1,0.03
E в†’ C1 в†’ B в†’ C1 в†’ A в†’ B,1,0.03
