пїњconversion_path,count,percentage
C1 гАРC1жИРдЇ§гАС,4614,21.33
B гАРBжИРдЇ§гАС,3725,17.22
A гАРAжИРдЇ§гАС,3572,16.51
D гАРDжИРдЇ§гАС,688,3.18
C1 вЖТ B гАРBжИРдЇ§гАС,625,2.89
C1 вЖТ A гАРAжИРдЇ§гАС,602,2.78
A вЖТ B гАРBжИРдЇ§гАС,593,2.74
E гАРEжИРдЇ§гАС,470,2.17
B вЖТ A гАРAжИРдЇ§гАС,430,1.99
B вЖТ C1 гАРC1жИРдЇ§гАС,429,1.98
C2 гАРC2жИРдЇ§гАС,422,1.95
A вЖТ C1 гАРC1жИРдЇ§гАС,356,1.65
C1 вЖТ B вЖТ C1 гАРC1жИРдЇ§гАС,179,0.83
B вЖТ C1 вЖТ B гАРBжИРдЇ§гАС,142,0.66
C1 вЖТ A вЖТ C1 гАРC1жИРдЇ§гАС,116,0.54
A вЖТ B вЖТ A гАРAжИРдЇ§гАС,115,0.53
C1 вЖТ D гАРDжИРдЇ§гАС,112,0.52
C1 вЖТ B вЖТ A гАРAжИРдЇ§гАС,111,0.51
B вЖТ C1 вЖТ A гАРAжИРдЇ§гАС,96,0.44
A вЖТ B вЖТ C1 гАРC1жИРдЇ§гАС,96,0.44
D вЖТ A гАРAжИРдЇ§гАС,89,0.41
E вЖТ C1 гАРC1жИРдЇ§гАС,86,0.4
D вЖТ B гАРBжИРдЇ§гАС,85,0.39
A вЖТ C1 вЖТ B гАРBжИРдЇ§гАС,83,0.38
A вЖТ C1 вЖТ A гАРAжИРдЇ§гАС,78,0.36
C1 вЖТ E гАРEжИРдЇ§гАС,78,0.36
B вЖТ A вЖТ B гАРBжИРдЇ§гАС,77,0.36
B вЖТ C2 гАРC2жИРдЇ§гАС,77,0.36
C1 вЖТ C2 гАРC2жИРдЇ§гАС,70,0.32
B вЖТ D гАРDжИРдЇ§гАС,68,0.31
C2 вЖТ C1 гАРC1жИРдЇ§гАС,63,0.29
D вЖТ C1 гАРC1жИРдЇ§гАС,60,0.28
A вЖТ E гАРEжИРдЇ§гАС,52,0.24
E вЖТ B гАРBжИРдЇ§гАС,52,0.24
C2 вЖТ A гАРAжИРдЇ§гАС,51,0.24
B вЖТ E гАРEжИРдЇ§гАС,50,0.23
D вЖТ C1 вЖТ B гАРBжИРдЇ§гАС,49,0.23
C1 вЖТ A вЖТ B гАРBжИРдЇ§гАС,49,0.23
A вЖТ D гАРDжИРдЇ§гАС,43,0.2
A вЖТ C2 гАРC2жИРдЇ§гАС,41,0.19
E вЖТ A гАРAжИРдЇ§гАС,40,0.18
C2 вЖТ B гАРBжИРдЇ§гАС,38,0.18
B вЖТ A вЖТ C1 гАРC1жИРдЇ§гАС,29,0.13
B вЖТ A вЖТ C1 вЖТ B гАРBжИРдЇ§гАС,28,0.13
C1 вЖТ D вЖТ C2 вЖТ A вЖТ C1 гАРC1жИРдЇ§гАС,27,0.12
C1 вЖТ E вЖТ B вЖТ C1 гАРC1жИРдЇ§гАС,27,0.12
C1 вЖТ B вЖТ A вЖТ B гАРBжИРдЇ§гАС,27,0.12
C1 вЖТ C2 вЖТ C1 гАРC1жИРдЇ§гАС,26,0.12
C1 вЖТ A вЖТ C1 вЖТ B вЖТ A гАРAжИРдЇ§гАС,25,0.12
A вЖТ C2 вЖТ A гАРAжИРдЇ§гАС,25,0.12
B вЖТ E вЖТ A гАРAжИРдЇ§гАС,24,0.11
C1 вЖТ A вЖТ C1 вЖТ B вЖТ A вЖТ B гАРBжИРдЇ§гАС,23,0.11
C1 вЖТ A вЖТ B вЖТ A вЖТ B гАРBжИРдЇ§гАС,22,0.1
D вЖТ A вЖТ B гАРBжИРдЇ§гАС,22,0.1
E вЖТ A вЖТ B вЖТ A гАРAжИРдЇ§гАС,22,0.1
A вЖТ B вЖТ A вЖТ C1 гАРC1жИРдЇ§гАС,21,0.1
B вЖТ C1 вЖТ A вЖТ B гАРBжИРдЇ§гАС,21,0.1
A вЖТ B вЖТ D вЖТ B гАРBжИРдЇ§гАС,21,0.1
A вЖТ B вЖТ C1 вЖТ B вЖТ C1 гАРC1жИРдЇ§гАС,20,0.09
C1 вЖТ A вЖТ E гАРEжИРдЇ§гАС,20,0.09
D вЖТ A вЖТ B вЖТ A гАРAжИРдЇ§гАС,19,0.09
C1 вЖТ A вЖТ C1 вЖТ B гАРBжИРдЇ§гАС,19,0.09
C2 вЖТ D гАРDжИРдЇ§гАС,19,0.09
B вЖТ D вЖТ C1 вЖТ B гАРBжИРдЇ§гАС,19,0.09
A вЖТ C1 вЖТ D вЖТ B вЖТ C1 вЖТ C2 гАРC2жИРдЇ§гАС,18,0.08
E вЖТ B гАРEжИРдЇ§гАС,17,0.08
B вЖТ C1 гАРBжИРдЇ§гАС,17,0.08
C1 вЖТ B вЖТ C1 вЖТ B гАРBжИРдЇ§гАС,17,0.08
B вЖТ C1 вЖТ D вЖТ C1 вЖТ B гАРBжИРдЇ§гАС,17,0.08
C1 вЖТ B вЖТ C1 вЖТ D гАРDжИРдЇ§гАС,17,0.08
C1 вЖТ B вЖТ D гАРDжИРдЇ§гАС,16,0.07
C1 вЖТ E вЖТ C2 вЖТ B гАРBжИРдЇ§гАС,16,0.07
C1 вЖТ A вЖТ B вЖТ C1 гАРC1жИРдЇ§гАС,16,0.07
C1 вЖТ D вЖТ B гАРBжИРдЇ§гАС,16,0.07
E вЖТ D гАРDжИРдЇ§гАС,16,0.07
C1 вЖТ D вЖТ C1 гАРC1жИРдЇ§гАС,16,0.07
B вЖТ C2 вЖТ C1 вЖТ B гАРBжИРдЇ§гАС,15,0.07
B вЖТ A вЖТ C1 вЖТ A гАРAжИРдЇ§гАС,15,0.07
A вЖТ C1 вЖТ E вЖТ C1 вЖТ A гАРAжИРдЇ§гАС,15,0.07
C1 вЖТ A вЖТ C2 гАРC2жИРдЇ§гАС,15,0.07
C2 вЖТ A вЖТ C1 гАРC1жИРдЇ§гАС,15,0.07
B вЖТ A вЖТ B вЖТ C1 гАРC1жИРдЇ§гАС,14,0.06
A вЖТ B гАРAжИРдЇ§гАС,14,0.06
C1 вЖТ A вЖТ E вЖТ B вЖТ A вЖТ C1 гАРC1жИРдЇ§гАС,14,0.06
B вЖТ E вЖТ C1 гАРC1жИРдЇ§гАС,14,0.06
A вЖТ C1 вЖТ D гАРDжИРдЇ§гАС,14,0.06
B вЖТ A вЖТ C1 вЖТ B вЖТ C2 гАРC2жИРдЇ§гАС,14,0.06
B вЖТ C1 вЖТ B вЖТ C1 гАРC1жИРдЇ§гАС,14,0.06
C1 вЖТ E вЖТ B гАРBжИРдЇ§гАС,13,0.06
C1 вЖТ A вЖТ D гАРDжИРдЇ§гАС,13,0.06
B вЖТ C1 вЖТ B вЖТ C1 вЖТ E гАРC1жИРдЇ§гАС,13,0.06
B вЖТ C1 вЖТ A вЖТ C1 гАРC1жИРдЇ§гАС,13,0.06
E вЖТ C1 вЖТ B гАРBжИРдЇ§гАС,12,0.06
B вЖТ A вЖТ D гАРDжИРдЇ§гАС,12,0.06
A вЖТ B вЖТ C1 вЖТ A вЖТ D гАРDжИРдЇ§гАС,12,0.06
B вЖТ C1 вЖТ E вЖТ B гАРBжИРдЇ§гАС,12,0.06
C1 вЖТ A вЖТ C1 вЖТ A гАРAжИРдЇ§гАС,12,0.06
B вЖТ C2 вЖТ B вЖТ A вЖТ C1 гАРC1жИРдЇ§гАС,12,0.06
A вЖТ C1 вЖТ E гАРEжИРдЇ§гАС,12,0.06
B вЖТ C1 вЖТ B вЖТ C1 вЖТ B вЖТ D вЖТ A вЖТ E вЖТ A вЖТ B вЖТ A вЖТ B вЖТ A вЖТ C1 вЖТ A вЖТ E вЖТ A вЖТ B вЖТ A вЖТ C1 вЖТ B вЖТ A вЖТ D вЖТ A вЖТ B вЖТ C1 вЖТ A гАРAжИРдЇ§гАС,11,0.05
A вЖТ C1 вЖТ B вЖТ A гАРAжИРдЇ§гАС,11,0.05
E вЖТ C1 вЖТ C2 гАРC2жИРдЇ§гАС,11,0.05
C2 вЖТ D гАРC2жИРдЇ§гАС,11,0.05
A вЖТ D вЖТ A гАРAжИРдЇ§гАС,11,0.05
C1 вЖТ A вЖТ B вЖТ C2 вЖТ B гАРBжИРдЇ§гАС,11,0.05
C1 вЖТ B вЖТ E вЖТ C1 вЖТ B вЖТ D вЖТ A вЖТ C1 вЖТ A вЖТ B вЖТ C1 вЖТ C2 вЖТ B вЖТ C2 гАРC2жИРдЇ§гАС,11,0.05
A вЖТ C1 вЖТ A вЖТ B вЖТ A вЖТ C1 вЖТ B вЖТ C1 вЖТ B вЖТ A вЖТ B вЖТ A гАРAжИРдЇ§гАС,10,0.05
C1 вЖТ A вЖТ B вЖТ A гАРAжИРдЇ§гАС,10,0.05
A вЖТ C1 вЖТ B вЖТ C1 гАРC1жИРдЇ§гАС,10,0.05
A вЖТ B вЖТ A вЖТ C1 вЖТ A гАРAжИРдЇ§гАС,10,0.05
B вЖТ C1 вЖТ A вЖТ D гАРDжИРдЇ§гАС,10,0.05
C1 вЖТ E вЖТ C2 вЖТ E вЖТ B вЖТ E вЖТ C1 вЖТ A вЖТ C2 гАРC2жИРдЇ§гАС,10,0.05
A вЖТ C1 гАРAжИРдЇ§гАС,10,0.05
B вЖТ C1 вЖТ B вЖТ A гАРAжИРдЇ§гАС,10,0.05
A вЖТ C2 вЖТ C1 гАРC1жИРдЇ§гАС,10,0.05
A вЖТ D вЖТ C1 гАРC1жИРдЇ§гАС,10,0.05
E вЖТ C1 вЖТ A гАРAжИРдЇ§гАС,10,0.05
B вЖТ A вЖТ B гАРAжИРдЇ§гАС,9,0.04
B вЖТ A вЖТ C1 вЖТ B вЖТ C1 вЖТ B вЖТ C1 вЖТ B вЖТ C1 гАРC1жИРдЇ§гАС,9,0.04
C1 вЖТ C2 вЖТ C1 вЖТ B вЖТ C1 вЖТ A вЖТ C1 вЖТ A вЖТ D вЖТ C1 вЖТ B вЖТ A вЖТ C1 вЖТ B вЖТ A вЖТ D вЖТ A вЖТ D вЖТ A гАРAжИРдЇ§гАС,9,0.04
A вЖТ D вЖТ C1 вЖТ B вЖТ C1 вЖТ B вЖТ D вЖТ B гАРBжИРдЇ§гАС,9,0.04
B вЖТ C2 вЖТ A гАРAжИРдЇ§гАС,9,0.04
A вЖТ C1 вЖТ A вЖТ C1 гАРC1жИРдЇ§гАС,9,0.04
B вЖТ C1 вЖТ B вЖТ C1 вЖТ E гАРEжИРдЇ§гАС,9,0.04
A вЖТ B вЖТ A вЖТ B гАРBжИРдЇ§гАС,9,0.04
B вЖТ D гАРBжИРдЇ§гАС,9,0.04
C1 вЖТ E вЖТ A гАРAжИРдЇ§гАС,9,0.04
C1 вЖТ B вЖТ C1 вЖТ C2 вЖТ B вЖТ C1 гАРC1жИРдЇ§гАС,9,0.04
B вЖТ C1 вЖТ D гАРDжИРдЇ§гАС,9,0.04
D вЖТ B вЖТ C1 гАРC1жИРдЇ§гАС,9,0.04
B вЖТ A вЖТ B вЖТ E гАРEжИРдЇ§гАС,9,0.04
C1 вЖТ A вЖТ C1 вЖТ E гАРEжИРдЇ§гАС,9,0.04
C1 вЖТ B гАРC1жИРдЇ§гАС,9,0.04
C1 вЖТ B вЖТ A вЖТ B вЖТ C1 гАРC1жИРдЇ§гАС,8,0.04
A вЖТ C1 вЖТ A вЖТ C1 вЖТ B вЖТ C2 вЖТ B гАРBжИРдЇ§гАС,8,0.04
B вЖТ E вЖТ A вЖТ B гАРBжИРдЇ§гАС,8,0.04
C1 вЖТ A вЖТ B вЖТ C1 вЖТ A вЖТ B гАРBжИРдЇ§гАС,8,0.04
C1 вЖТ A вЖТ C1 вЖТ B вЖТ C1 вЖТ B вЖТ C1 вЖТ C2 вЖТ B вЖТ C1 гАРC1жИРдЇ§гАС,8,0.04
C2 вЖТ C1 вЖТ E гАРEжИРдЇ§гАС,8,0.04
A вЖТ B вЖТ C2 вЖТ C1 гАРC1жИРдЇ§гАС,8,0.04
B вЖТ A вЖТ C1 вЖТ B вЖТ C2 вЖТ C1 вЖТ B гАРBжИРдЇ§гАС,8,0.04
C1 вЖТ A вЖТ C1 вЖТ E вЖТ B гАРBжИРдЇ§гАС,8,0.04
E вЖТ C2 вЖТ A вЖТ C1 вЖТ B гАРBжИРдЇ§гАС,8,0.04
C1 вЖТ C2 вЖТ A гАРAжИРдЇ§гАС,8,0.04
B вЖТ C1 вЖТ D вЖТ A вЖТ C1 вЖТ A вЖТ B гАРBжИРдЇ§гАС,8,0.04
D вЖТ B вЖТ E вЖТ D гАРDжИРдЇ§гАС,8,0.04
B вЖТ C1 вЖТ B вЖТ A вЖТ B гАРBжИРдЇ§гАС,8,0.04
A вЖТ B вЖТ C1 вЖТ A гАРAжИРдЇ§гАС,8,0.04
A вЖТ C2 вЖТ B вЖТ C1 гАРC1жИРдЇ§гАС,8,0.04
E вЖТ C2 гАРC2жИРдЇ§гАС,8,0.04
C1 вЖТ A вЖТ E вЖТ C1 вЖТ A вЖТ B вЖТ A вЖТ B вЖТ A гАРAжИРдЇ§гАС,8,0.04
C2 вЖТ C1 вЖТ D гАРDжИРдЇ§гАС,8,0.04
B вЖТ C1 вЖТ B вЖТ C2 вЖТ A вЖТ B гАРBжИРдЇ§гАС,8,0.04
C1 вЖТ D вЖТ C2 гАРC2жИРдЇ§гАС,8,0.04
B вЖТ A гАРBжИРдЇ§гАС,8,0.04
B вЖТ C1 вЖТ A вЖТ C1 вЖТ A гАРAжИРдЇ§гАС,8,0.04
C1 вЖТ D вЖТ A гАРAжИРдЇ§гАС,7,0.03
B вЖТ A вЖТ C1 вЖТ B вЖТ C2 вЖТ C1 вЖТ B гАРAжИРдЇ§гАС,7,0.03
C2 вЖТ A вЖТ C1 вЖТ B гАРBжИРдЇ§гАС,7,0.03
C2 вЖТ A вЖТ B вЖТ A гАРAжИРдЇ§гАС,7,0.03
C2 вЖТ A вЖТ B гАРBжИРдЇ§гАС,7,0.03
B вЖТ A вЖТ B вЖТ C1 вЖТ B вЖТ A вЖТ C1 вЖТ A гАРAжИРдЇ§гАС,7,0.03
D вЖТ A гАРDжИРдЇ§гАС,7,0.03
C2 вЖТ C1 вЖТ B гАРBжИРдЇ§гАС,7,0.03
B вЖТ A вЖТ B вЖТ C1 вЖТ A гАРAжИРдЇ§гАС,7,0.03
A вЖТ D вЖТ C1 вЖТ E вЖТ A вЖТ C1 вЖТ B вЖТ C1 гАРC1жИРдЇ§гАС,7,0.03
C1 вЖТ D вЖТ E вЖТ B гАРBжИРдЇ§гАС,7,0.03
D вЖТ E гАРEжИРдЇ§гАС,7,0.03
B вЖТ E вЖТ B гАРBжИРдЇ§гАС,7,0.03
C1 вЖТ B вЖТ A вЖТ D вЖТ A вЖТ C1 гАРC1жИРдЇ§гАС,7,0.03
B вЖТ C1 вЖТ A вЖТ C2 вЖТ D вЖТ C1 вЖТ A вЖТ C1 вЖТ E гАРEжИРдЇ§гАС,7,0.03
A вЖТ B вЖТ D вЖТ B вЖТ A вЖТ B вЖТ A вЖТ B вЖТ A вЖТ B вЖТ E вЖТ B гАРBжИРдЇ§гАС,7,0.03
E вЖТ C2 вЖТ B вЖТ C1 вЖТ E гАРEжИРдЇ§гАС,7,0.03
B вЖТ A вЖТ B вЖТ A вЖТ B гАРBжИРдЇ§гАС,7,0.03
A вЖТ B вЖТ C1 вЖТ A вЖТ C1 вЖТ B вЖТ C1 вЖТ A вЖТ D гАРDжИРдЇ§гАС,7,0.03
A вЖТ C2 вЖТ A вЖТ B вЖТ C1 гАРC1жИРдЇ§гАС,7,0.03
B вЖТ A вЖТ C2 вЖТ C1 гАРC1жИРдЇ§гАС,7,0.03
C2 вЖТ E вЖТ A вЖТ B гАРBжИРдЇ§гАС,6,0.03
C2 вЖТ C1 вЖТ B вЖТ E гАРEжИРдЇ§гАС,6,0.03
C1 вЖТ A вЖТ C1 вЖТ B вЖТ A вЖТ B вЖТ D гАРDжИРдЇ§гАС,6,0.03
C1 вЖТ B вЖТ D вЖТ C1 гАРC1жИРдЇ§гАС,6,0.03
A вЖТ E вЖТ C1 вЖТ D вЖТ A гАРAжИРдЇ§гАС,6,0.03
C1 вЖТ D вЖТ B вЖТ A гАРAжИРдЇ§гАС,6,0.03
A вЖТ B вЖТ A вЖТ B вЖТ A вЖТ B вЖТ C1 вЖТ A вЖТ C1 гАРC1жИРдЇ§гАС,6,0.03
C1 вЖТ D гАРC1жИРдЇ§гАС,6,0.03
C1 вЖТ C2 вЖТ B гАРBжИРдЇ§гАС,6,0.03
B вЖТ C1 вЖТ B вЖТ C2 вЖТ C1 гАРC1жИРдЇ§гАС,6,0.03
C1 вЖТ A вЖТ E вЖТ C1 вЖТ A гАРAжИРдЇ§гАС,6,0.03
A вЖТ C2 вЖТ E вЖТ A гАРAжИРдЇ§гАС,6,0.03
C1 вЖТ B вЖТ A вЖТ C2 вЖТ C1 гАРC1жИРдЇ§гАС,6,0.03
B вЖТ C2 вЖТ C1 гАРC1жИРдЇ§гАС,6,0.03
C1 вЖТ E вЖТ C1 гАРC1жИРдЇ§гАС,6,0.03
A вЖТ B вЖТ C1 вЖТ B вЖТ A гАРAжИРдЇ§гАС,6,0.03
B вЖТ A вЖТ B вЖТ A вЖТ B вЖТ A гАРAжИРдЇ§гАС,6,0.03
B вЖТ D вЖТ A гАРAжИРдЇ§гАС,6,0.03
C1 вЖТ B вЖТ C2 гАРC2жИРдЇ§гАС,6,0.03
C1 вЖТ D вЖТ C2 гАРDжИРдЇ§гАС,6,0.03
B вЖТ A вЖТ C2 гАРC2жИРдЇ§гАС,6,0.03
B вЖТ C2 вЖТ C1 вЖТ A вЖТ B вЖТ A гАРAжИРдЇ§гАС,6,0.03
C1 вЖТ C2 вЖТ C1 вЖТ A гАРAжИРдЇ§гАС,6,0.03
B вЖТ C1 вЖТ C2 гАРC2жИРдЇ§гАС,6,0.03
A вЖТ B вЖТ D гАРDжИРдЇ§гАС,6,0.03
E вЖТ C1 вЖТ A вЖТ B вЖТ C1 гАРC1жИРдЇ§гАС,6,0.03
C1 вЖТ A вЖТ C2 вЖТ C1 вЖТ B гАРBжИРдЇ§гАС,6,0.03
A вЖТ C1 вЖТ A вЖТ C1 вЖТ B вЖТ C1 вЖТ B вЖТ A гАРAжИРдЇ§гАС,6,0.03
B вЖТ A вЖТ B вЖТ C2 вЖТ A вЖТ C1 вЖТ A гАРAжИРдЇ§гАС,6,0.03
C1 вЖТ B вЖТ A вЖТ B вЖТ A вЖТ B гАРBжИРдЇ§гАС,6,0.03
C1 вЖТ B вЖТ A вЖТ C1 вЖТ A гАРAжИРдЇ§гАС,5,0.02
C1 вЖТ B вЖТ C1 вЖТ E вЖТ C1 гАРC1жИРдЇ§гАС,5,0.02
C1 вЖТ D вЖТ C1 вЖТ B вЖТ C1 вЖТ B гАРBжИРдЇ§гАС,5,0.02
C1 вЖТ B вЖТ C1 вЖТ B вЖТ A вЖТ C1 гАРC1жИРдЇ§гАС,5,0.02
C1 вЖТ A вЖТ B вЖТ C1 вЖТ B вЖТ C1 вЖТ B гАРBжИРдЇ§гАС,5,0.02
D вЖТ C1 вЖТ E гАРEжИРдЇ§гАС,5,0.02
A вЖТ D вЖТ B вЖТ C1 гАРC1жИРдЇ§гАС,5,0.02
A вЖТ D вЖТ B вЖТ C1 вЖТ B гАРBжИРдЇ§гАС,5,0.02
E вЖТ B вЖТ C1 гАРC1жИРдЇ§гАС,5,0.02
C1 вЖТ D вЖТ A вЖТ B гАРBжИРдЇ§гАС,5,0.02
C1 вЖТ C2 гАРC1жИРдЇ§гАС,5,0.02
A вЖТ B вЖТ A вЖТ C1 вЖТ B гАРBжИРдЇ§гАС,5,0.02
E вЖТ C1 вЖТ C2 вЖТ C1 вЖТ B вЖТ A вЖТ C1 гАРC1жИРдЇ§гАС,5,0.02
C1 вЖТ A вЖТ C2 вЖТ A гАРAжИРдЇ§гАС,5,0.02
E вЖТ B вЖТ A гАРAжИРдЇ§гАС,5,0.02
C2 вЖТ A вЖТ B гАРAжИРдЇ§гАС,5,0.02
B вЖТ C1 вЖТ A вЖТ B вЖТ C1 вЖТ A гАРAжИРдЇ§гАС,5,0.02
B вЖТ C1 вЖТ A вЖТ B вЖТ C1 вЖТ A вЖТ C1 гАРC1жИРдЇ§гАС,5,0.02
A вЖТ C1 вЖТ A вЖТ C1 вЖТ B гАРBжИРдЇ§гАС,5,0.02
C2 вЖТ E гАРEжИРдЇ§гАС,5,0.02
B вЖТ C1 вЖТ C2 вЖТ B гАРBжИРдЇ§гАС,5,0.02
D вЖТ C1 вЖТ B вЖТ C2 гАРC2жИРдЇ§гАС,5,0.02
A вЖТ C1 вЖТ E вЖТ C1 вЖТ A вЖТ C1 гАРC1жИРдЇ§гАС,5,0.02
B вЖТ D вЖТ C1 гАРC1жИРдЇ§гАС,5,0.02
B вЖТ C1 вЖТ B вЖТ C2 вЖТ A гАРAжИРдЇ§гАС,5,0.02
A вЖТ D вЖТ B гАРBжИРдЇ§гАС,5,0.02
B вЖТ D вЖТ B гАРBжИРдЇ§гАС,5,0.02
A вЖТ B вЖТ A вЖТ E вЖТ C1 гАРC1жИРдЇ§гАС,5,0.02
D вЖТ E вЖТ D вЖТ C1 вЖТ B вЖТ C2 вЖТ C1 вЖТ B вЖТ E вЖТ A вЖТ C1 гАРC1жИРдЇ§гАС,5,0.02
B вЖТ C1 вЖТ D вЖТ C1 вЖТ B вЖТ A вЖТ B гАРBжИРдЇ§гАС,5,0.02
A вЖТ C1 вЖТ A вЖТ B гАРBжИРдЇ§гАС,5,0.02
E вЖТ B вЖТ E гАРEжИРдЇ§гАС,5,0.02
C1 вЖТ A вЖТ C1 вЖТ A вЖТ C1 гАРC1жИРдЇ§гАС,5,0.02
C2 вЖТ B вЖТ C1 вЖТ A гАРAжИРдЇ§гАС,5,0.02
D вЖТ C1 вЖТ A гАРAжИРдЇ§гАС,5,0.02
E вЖТ D вЖТ C1 гАРC1жИРдЇ§гАС,5,0.02
C1 вЖТ A вЖТ C1 вЖТ A вЖТ C1 вЖТ C2 вЖТ C1 вЖТ A гАРAжИРдЇ§гАС,5,0.02
C2 вЖТ C1 вЖТ A вЖТ E вЖТ A вЖТ C1 вЖТ A вЖТ C1 вЖТ B гАРBжИРдЇ§гАС,5,0.02
E вЖТ A вЖТ C1 гАРC1жИРдЇ§гАС,5,0.02
C1 вЖТ B вЖТ A вЖТ B вЖТ A вЖТ C2 вЖТ C1 вЖТ B вЖТ A гАРAжИРдЇ§гАС,5,0.02
B вЖТ C1 вЖТ A вЖТ B вЖТ C1 гАРC1жИРдЇ§гАС,5,0.02
C1 вЖТ B вЖТ C1 вЖТ B вЖТ A гАРAжИРдЇ§гАС,4,0.02
B вЖТ C1 вЖТ B вЖТ C1 вЖТ B вЖТ C1 гАРC1жИРдЇ§гАС,4,0.02
A вЖТ C1 вЖТ E вЖТ B гАРBжИРдЇ§гАС,4,0.02
C1 вЖТ A вЖТ B вЖТ D вЖТ A вЖТ D вЖТ A гАРAжИРдЇ§гАС,4,0.02
A вЖТ B вЖТ A вЖТ B вЖТ A вЖТ B вЖТ C1 вЖТ A гАРAжИРдЇ§гАС,4,0.02
C2 вЖТ C1 вЖТ D гАРC1жИРдЇ§гАС,4,0.02
C1 вЖТ A гАРC1жИРдЇ§гАС,4,0.02
C1 вЖТ C2 вЖТ B вЖТ E гАРEжИРдЇ§гАС,4,0.02
B вЖТ D вЖТ B вЖТ C1 вЖТ A вЖТ C1 вЖТ B гАРBжИРдЇ§гАС,4,0.02
C1 вЖТ A вЖТ E вЖТ C1 вЖТ A вЖТ B вЖТ A вЖТ B гАРBжИРдЇ§гАС,4,0.02
B вЖТ A вЖТ C1 вЖТ A вЖТ C1 вЖТ B вЖТ C1 гАРC1жИРдЇ§гАС,4,0.02
C1 вЖТ B вЖТ A вЖТ D вЖТ A вЖТ C1 вЖТ A вЖТ C1 вЖТ A гАРAжИРдЇ§гАС,4,0.02
C1 вЖТ A вЖТ C1 вЖТ B вЖТ C1 гАРC1жИРдЇ§гАС,4,0.02
E вЖТ B вЖТ A вЖТ D вЖТ C1 гАРDжИРдЇ§гАС,4,0.02
A вЖТ B вЖТ E вЖТ A гАРAжИРдЇ§гАС,4,0.02
C1 вЖТ B вЖТ C1 гАРBжИРдЇ§гАС,4,0.02
D вЖТ A вЖТ C1 гАРC1жИРдЇ§гАС,4,0.02
B вЖТ C1 вЖТ E гАРEжИРдЇ§гАС,4,0.02
B вЖТ C1 вЖТ D вЖТ B гАРBжИРдЇ§гАС,4,0.02
A вЖТ C1 вЖТ C2 вЖТ A вЖТ B гАРBжИРдЇ§гАС,4,0.02
E вЖТ C1 вЖТ B вЖТ A гАРAжИРдЇ§гАС,4,0.02
C1 вЖТ E вЖТ C1 вЖТ A вЖТ B гАРBжИРдЇ§гАС,4,0.02
B вЖТ A вЖТ C2 вЖТ B гАРBжИРдЇ§гАС,4,0.02
C2 вЖТ C1 вЖТ A вЖТ E вЖТ A вЖТ C1 гАРC1жИРдЇ§гАС,4,0.02
C2 вЖТ B вЖТ C1 гАРC1жИРдЇ§гАС,4,0.02
B вЖТ C1 вЖТ B вЖТ C1 вЖТ B вЖТ A вЖТ E гАРEжИРдЇ§гАС,4,0.02
D вЖТ E вЖТ D вЖТ C1 гАРC1жИРдЇ§гАС,4,0.02
B вЖТ D вЖТ B вЖТ C2 вЖТ C1 вЖТ B вЖТ A гАРAжИРдЇ§гАС,4,0.02
E вЖТ A гАРEжИРдЇ§гАС,4,0.02
B вЖТ C1 вЖТ B вЖТ A вЖТ C1 вЖТ B вЖТ D вЖТ E гАРBжИРдЇ§гАС,4,0.02
A вЖТ C1 вЖТ A вЖТ B вЖТ A вЖТ C1 вЖТ B вЖТ C1 гАРC1жИРдЇ§гАС,4,0.02
C1 вЖТ B вЖТ A вЖТ B вЖТ A вЖТ C2 вЖТ C1 вЖТ B вЖТ A вЖТ C1 гАРC1жИРдЇ§гАС,4,0.02
C1 вЖТ A вЖТ D вЖТ B вЖТ C1 вЖТ B вЖТ C1 гАРC1жИРдЇ§гАС,4,0.02
B вЖТ C1 вЖТ B вЖТ C1 вЖТ B вЖТ D вЖТ A вЖТ E вЖТ A вЖТ B вЖТ A вЖТ B вЖТ A вЖТ C1 вЖТ A вЖТ E вЖТ A гАРAжИРдЇ§гАС,4,0.02
D вЖТ B вЖТ C1 вЖТ A вЖТ B гАРBжИРдЇ§гАС,4,0.02
C1 вЖТ B вЖТ C2 вЖТ A гАРAжИРдЇ§гАС,4,0.02
C1 вЖТ E вЖТ C2 гАРEжИРдЇ§гАС,4,0.02
C2 вЖТ C1 вЖТ A гАРAжИРдЇ§гАС,4,0.02
B вЖТ E вЖТ B вЖТ C1 вЖТ A гАРAжИРдЇ§гАС,4,0.02
B вЖТ A вЖТ B вЖТ A гАРAжИРдЇ§гАС,4,0.02
B вЖТ C1 вЖТ B вЖТ C1 вЖТ B гАРBжИРдЇ§гАС,4,0.02
A вЖТ C1 вЖТ B вЖТ A вЖТ C1 гАРC1жИРдЇ§гАС,3,0.01
E вЖТ B вЖТ E вЖТ C1 гАРC1жИРдЇ§гАС,3,0.01
C2 вЖТ D вЖТ B гАРBжИРдЇ§гАС,3,0.01
C1 вЖТ E вЖТ B вЖТ A гАРAжИРдЇ§гАС,3,0.01
B вЖТ C1 вЖТ C2 вЖТ B гАРC2жИРдЇ§гАС,3,0.01
A вЖТ B вЖТ C1 вЖТ A вЖТ C1 вЖТ B гАРBжИРдЇ§гАС,3,0.01
C1 вЖТ E вЖТ C2 вЖТ E вЖТ B гАРC2жИРдЇ§гАС,3,0.01
B вЖТ C1 вЖТ B вЖТ C2 гАРC2жИРдЇ§гАС,3,0.01
B вЖТ C1 вЖТ B вЖТ C1 вЖТ B вЖТ D вЖТ A вЖТ E вЖТ A вЖТ B вЖТ A вЖТ B вЖТ A вЖТ C1 вЖТ A вЖТ E вЖТ A вЖТ B вЖТ A вЖТ C1 вЖТ B вЖТ A вЖТ D вЖТ A вЖТ B вЖТ C1 вЖТ A вЖТ B гАРBжИРдЇ§гАС,3,0.01
B вЖТ C1 вЖТ B гАРC1жИРдЇ§гАС,3,0.01
B вЖТ C1 вЖТ B вЖТ C1 вЖТ B вЖТ D гАРDжИРдЇ§гАС,3,0.01
B вЖТ D вЖТ B вЖТ C1 гАРC1жИРдЇ§гАС,3,0.01
A вЖТ C1 вЖТ B вЖТ A вЖТ B гАРBжИРдЇ§гАС,3,0.01
C1 вЖТ C2 вЖТ C1 вЖТ A вЖТ C1 вЖТ A вЖТ B гАРBжИРдЇ§гАС,3,0.01
A вЖТ B вЖТ D вЖТ C1 вЖТ B вЖТ A вЖТ B вЖТ D вЖТ A вЖТ D вЖТ C1 вЖТ A гАРAжИРдЇ§гАС,3,0.01
B вЖТ C1 вЖТ C2 вЖТ C1 гАРC1жИРдЇ§гАС,3,0.01
C1 вЖТ A вЖТ B вЖТ C1 вЖТ A гАРAжИРдЇ§гАС,3,0.01
D вЖТ C1 гАРDжИРдЇ§гАС,3,0.01
C1 вЖТ B вЖТ C1 вЖТ A гАРAжИРдЇ§гАС,3,0.01
C1 вЖТ C2 вЖТ D вЖТ C2 гАРC2жИРдЇ§гАС,3,0.01
C2 вЖТ A вЖТ D вЖТ C1 гАРC1жИРдЇ§гАС,3,0.01
A вЖТ C1 вЖТ E вЖТ C1 гАРC1жИРдЇ§гАС,3,0.01
C2 вЖТ A вЖТ D вЖТ C1 гАРDжИРдЇ§гАС,3,0.01
C1 вЖТ D вЖТ B вЖТ C1 гАРC1жИРдЇ§гАС,3,0.01
A вЖТ D вЖТ C1 вЖТ B вЖТ C1 вЖТ B гАРBжИРдЇ§гАС,3,0.01
C1 вЖТ B вЖТ A вЖТ B вЖТ A вЖТ C2 вЖТ C1 вЖТ B вЖТ A вЖТ C1 вЖТ A вЖТ C1 гАРC1жИРдЇ§гАС,3,0.01
C1 вЖТ A вЖТ C2 вЖТ C1 гАРC1жИРдЇ§гАС,3,0.01
A вЖТ C1 вЖТ A вЖТ C1 вЖТ B вЖТ A вЖТ B гАРBжИРдЇ§гАС,3,0.01
C1 вЖТ E вЖТ C1 вЖТ E гАРEжИРдЇ§гАС,3,0.01
E вЖТ C1 вЖТ E вЖТ C1 гАРC1жИРдЇ§гАС,3,0.01
B вЖТ A вЖТ B вЖТ C1 вЖТ B вЖТ A вЖТ C1 вЖТ A вЖТ D гАРDжИРдЇ§гАС,3,0.01
C1 вЖТ B вЖТ C1 вЖТ E вЖТ C1 гАРEжИРдЇ§гАС,3,0.01
D вЖТ A вЖТ E гАРEжИРдЇ§гАС,3,0.01
A вЖТ C1 вЖТ A вЖТ C1 вЖТ A вЖТ B гАРBжИРдЇ§гАС,3,0.01
C1 вЖТ D вЖТ C1 вЖТ A вЖТ B гАРBжИРдЇ§гАС,3,0.01
A вЖТ C1 вЖТ B вЖТ C2 вЖТ C1 вЖТ A вЖТ B гАРBжИРдЇ§гАС,3,0.01
A вЖТ E вЖТ A вЖТ B вЖТ C1 гАРC1жИРдЇ§гАС,3,0.01
C1 вЖТ A вЖТ C1 вЖТ B вЖТ C1 вЖТ B гАРBжИРдЇ§гАС,3,0.01
B вЖТ C1 вЖТ A вЖТ B вЖТ C1 вЖТ A вЖТ C1 вЖТ D гАРDжИРдЇ§гАС,3,0.01
C1 вЖТ A вЖТ C1 вЖТ A вЖТ C1 вЖТ B гАРBжИРдЇ§гАС,3,0.01
D вЖТ B вЖТ C1 вЖТ B гАРBжИРдЇ§гАС,3,0.01
C1 вЖТ A вЖТ E вЖТ B гАРBжИРдЇ§гАС,3,0.01
C1 вЖТ A вЖТ C1 вЖТ A вЖТ B гАРBжИРдЇ§гАС,3,0.01
B вЖТ E вЖТ B вЖТ C1 гАРC1жИРдЇ§гАС,3,0.01
A вЖТ C1 вЖТ C2 гАРC2жИРдЇ§гАС,3,0.01
A вЖТ C1 вЖТ C2 вЖТ A гАРAжИРдЇ§гАС,3,0.01
A вЖТ D вЖТ C1 вЖТ E гАРEжИРдЇ§гАС,3,0.01
A вЖТ D вЖТ A вЖТ C1 гАРC1жИРдЇ§гАС,3,0.01
C1 вЖТ A вЖТ B вЖТ A вЖТ B вЖТ A вЖТ B вЖТ D гАРDжИРдЇ§гАС,3,0.01
C1 вЖТ A вЖТ C1 гАРAжИРдЇ§гАС,3,0.01
B вЖТ C1 вЖТ A вЖТ C1 вЖТ B вЖТ C2 гАРC2жИРдЇ§гАС,3,0.01
A вЖТ B вЖТ C1 вЖТ B вЖТ D вЖТ B гАРBжИРдЇ§гАС,3,0.01
B вЖТ C2 вЖТ B вЖТ A гАРAжИРдЇ§гАС,3,0.01
B вЖТ C1 вЖТ A вЖТ C1 вЖТ B гАРBжИРдЇ§гАС,3,0.01
B вЖТ C1 вЖТ B вЖТ A вЖТ C1 вЖТ B вЖТ D вЖТ E вЖТ A вЖТ C1 вЖТ A гАРAжИРдЇ§гАС,3,0.01
E вЖТ C1 вЖТ A вЖТ B вЖТ A гАРAжИРдЇ§гАС,3,0.01
B вЖТ A вЖТ C1 вЖТ B вЖТ C1 вЖТ B вЖТ C1 вЖТ B вЖТ C1 вЖТ D вЖТ C1 вЖТ C2 гАРC2жИРдЇ§гАС,2,0.01
C2 вЖТ D вЖТ B вЖТ A гАРAжИРдЇ§гАС,2,0.01
E вЖТ B вЖТ E вЖТ C1 вЖТ A гАРAжИРдЇ§гАС,2,0.01
C2 вЖТ C1 гАРC2жИРдЇ§гАС,2,0.01
B вЖТ C1 вЖТ B вЖТ C1 вЖТ B гАРC1жИРдЇ§гАС,2,0.01
A вЖТ C1 вЖТ E вЖТ A вЖТ C1 гАРC1жИРдЇ§гАС,2,0.01
C1 вЖТ B вЖТ C1 вЖТ C2 вЖТ B гАРBжИРдЇ§гАС,2,0.01
B вЖТ C1 вЖТ B вЖТ C1 вЖТ B вЖТ D вЖТ A вЖТ E вЖТ A гАРAжИРдЇ§гАС,2,0.01
B вЖТ C1 вЖТ B вЖТ C1 вЖТ B вЖТ D вЖТ A вЖТ E вЖТ A вЖТ B вЖТ A вЖТ B вЖТ A вЖТ C1 вЖТ A вЖТ E вЖТ A вЖТ B вЖТ A вЖТ C1 вЖТ B вЖТ A вЖТ D вЖТ A вЖТ B гАРAжИРдЇ§гАС,2,0.01
B вЖТ C1 вЖТ B вЖТ C2 гАРBжИРдЇ§гАС,2,0.01
A вЖТ C1 вЖТ B вЖТ C1 вЖТ B вЖТ A вЖТ B вЖТ C1 вЖТ B вЖТ C1 гАРC1жИРдЇ§гАС,2,0.01
A вЖТ B вЖТ C1 вЖТ D гАРDжИРдЇ§гАС,2,0.01
A вЖТ C1 вЖТ A вЖТ C1 вЖТ B вЖТ C2 вЖТ B вЖТ A гАРAжИРдЇ§гАС,2,0.01
A вЖТ C2 гАРAжИРдЇ§гАС,2,0.01
A вЖТ D вЖТ A гАРDжИРдЇ§гАС,2,0.01
A вЖТ C1 вЖТ A вЖТ B вЖТ C2 гАРC2жИРдЇ§гАС,2,0.01
C2 вЖТ C1 вЖТ B вЖТ D вЖТ C1 гАРC1жИРдЇ§гАС,2,0.01
A вЖТ B вЖТ A вЖТ C1 вЖТ C2 вЖТ B вЖТ D вЖТ A гАРAжИРдЇ§гАС,2,0.01
C2 вЖТ B вЖТ C1 вЖТ D гАРDжИРдЇ§гАС,2,0.01
C2 вЖТ E вЖТ C1 вЖТ A вЖТ C1 гАРC1жИРдЇ§гАС,2,0.01
B вЖТ C1 вЖТ A вЖТ C1 вЖТ A гАРC1жИРдЇ§гАС,2,0.01
D вЖТ E вЖТ D вЖТ C1 вЖТ B вЖТ C2 вЖТ C1 вЖТ B вЖТ E вЖТ A гАРAжИРдЇ§гАС,2,0.01
C1 вЖТ B вЖТ E вЖТ C1 гАРC1жИРдЇ§гАС,2,0.01
C1 вЖТ E вЖТ D гАРDжИРдЇ§гАС,2,0.01
A вЖТ B вЖТ A вЖТ C1 вЖТ B вЖТ C1 вЖТ D гАРDжИРдЇ§гАС,2,0.01
A вЖТ B вЖТ A вЖТ C1 вЖТ B вЖТ C1 гАРC1жИРдЇ§гАС,2,0.01
B вЖТ E гАРBжИРдЇ§гАС,2,0.01
B вЖТ C1 вЖТ B вЖТ C1 вЖТ B вЖТ A гАРAжИРдЇ§гАС,2,0.01
E вЖТ B вЖТ C1 вЖТ A гАРAжИРдЇ§гАС,2,0.01
E вЖТ C1 вЖТ C2 вЖТ B вЖТ C1 вЖТ B гАРBжИРдЇ§гАС,2,0.01
B вЖТ A вЖТ B вЖТ C1 вЖТ B вЖТ A вЖТ C1 гАРC1жИРдЇ§гАС,2,0.01
C1 вЖТ D вЖТ B вЖТ C1 вЖТ B вЖТ C1 вЖТ D вЖТ C1 вЖТ B гАРBжИРдЇ§гАС,2,0.01
A вЖТ B вЖТ A вЖТ C1 вЖТ B вЖТ C1 вЖТ D вЖТ B гАРBжИРдЇ§гАС,2,0.01
C1 вЖТ B вЖТ A вЖТ B вЖТ A вЖТ C2 вЖТ C1 вЖТ B гАРBжИРдЇ§гАС,2,0.01
E вЖТ B вЖТ C1 вЖТ A вЖТ B вЖТ C1 гАРC1жИРдЇ§гАС,2,0.01
C1 вЖТ A вЖТ B вЖТ A вЖТ B вЖТ A гАРAжИРдЇ§гАС,2,0.01
D вЖТ C1 вЖТ B вЖТ C1 гАРC1жИРдЇ§гАС,2,0.01
B вЖТ C1 вЖТ A вЖТ C2 гАРC2жИРдЇ§гАС,2,0.01
C1 вЖТ C2 вЖТ C1 вЖТ A вЖТ C1 гАРC1жИРдЇ§гАС,2,0.01
D вЖТ A вЖТ C1 вЖТ A гАРAжИРдЇ§гАС,2,0.01
D вЖТ A вЖТ C1 вЖТ A вЖТ D гАРDжИРдЇ§гАС,2,0.01
C1 вЖТ B вЖТ E гАРEжИРдЇ§гАС,2,0.01
A вЖТ C2 вЖТ C1 вЖТ A гАРAжИРдЇ§гАС,2,0.01
A вЖТ C1 вЖТ A вЖТ C2 вЖТ C1 гАРC1жИРдЇ§гАС,2,0.01
B вЖТ A вЖТ C2 вЖТ D вЖТ C1 вЖТ A вЖТ C1 гАРC1жИРдЇ§гАС,2,0.01
C1 вЖТ B вЖТ A вЖТ D вЖТ A гАРAжИРдЇ§гАС,2,0.01
C1 вЖТ A вЖТ E вЖТ A вЖТ B вЖТ C1 гАРC1жИРдЇ§гАС,2,0.01
C1 вЖТ D вЖТ C1 вЖТ A гАРAжИРдЇ§гАС,2,0.01
C1 вЖТ A вЖТ E вЖТ C1 вЖТ A вЖТ B вЖТ A гАРAжИРдЇ§гАС,2,0.01
B вЖТ A вЖТ B вЖТ A вЖТ C1 вЖТ A вЖТ C2 вЖТ C1 гАРC1жИРдЇ§гАС,2,0.01
A вЖТ B вЖТ A вЖТ C1 вЖТ C2 вЖТ B вЖТ D гАРDжИРдЇ§гАС,2,0.01
C1 вЖТ A вЖТ E вЖТ A гАРAжИРдЇ§гАС,2,0.01
A вЖТ B вЖТ A вЖТ C1 вЖТ C2 гАРC2жИРдЇ§гАС,2,0.01
C1 вЖТ B вЖТ C1 вЖТ A вЖТ B вЖТ A гАРAжИРдЇ§гАС,2,0.01
A вЖТ B вЖТ C1 вЖТ B вЖТ A гАРBжИРдЇ§гАС,2,0.01
A вЖТ C1 вЖТ A вЖТ B вЖТ A вЖТ C1 вЖТ B вЖТ C1 вЖТ B вЖТ A вЖТ B вЖТ A вЖТ C1 гАРC1жИРдЇ§гАС,2,0.01
B вЖТ A вЖТ C2 вЖТ D вЖТ C1 вЖТ A гАРAжИРдЇ§гАС,2,0.01
A вЖТ C2 вЖТ E гАРEжИРдЇ§гАС,2,0.01
A вЖТ B вЖТ A вЖТ B вЖТ C1 вЖТ A гАРAжИРдЇ§гАС,2,0.01
E вЖТ A вЖТ B гАРBжИРдЇ§гАС,2,0.01
C1 вЖТ A вЖТ B вЖТ C1 вЖТ B гАРBжИРдЇ§гАС,2,0.01
B вЖТ C1 вЖТ D вЖТ C1 вЖТ D вЖТ C1 вЖТ A вЖТ B вЖТ D гАРDжИРдЇ§гАС,2,0.01
B вЖТ C1 вЖТ D вЖТ C1 вЖТ D вЖТ C1 вЖТ A вЖТ B гАРBжИРдЇ§гАС,2,0.01
B вЖТ C1 вЖТ D вЖТ C1 вЖТ D вЖТ C1 гАРC1жИРдЇ§гАС,2,0.01
B вЖТ C1 вЖТ D вЖТ C1 вЖТ D гАРDжИРдЇ§гАС,2,0.01
B вЖТ A вЖТ B вЖТ C1 гАРBжИРдЇ§гАС,2,0.01
C1 вЖТ A вЖТ B вЖТ C1 вЖТ B вЖТ A вЖТ B гАРBжИРдЇ§гАС,2,0.01
A вЖТ C1 вЖТ D вЖТ C1 гАРC1жИРдЇ§гАС,2,0.01
B вЖТ A вЖТ E гАРEжИРдЇ§гАС,2,0.01
C1 вЖТ E вЖТ B гАРEжИРдЇ§гАС,2,0.01
C1 вЖТ E вЖТ C1 вЖТ B гАРBжИРдЇ§гАС,2,0.01
B вЖТ C1 вЖТ C2 вЖТ C1 вЖТ B гАРBжИРдЇ§гАС,2,0.01
A вЖТ C2 вЖТ B гАРBжИРдЇ§гАС,2,0.01
B вЖТ A вЖТ B вЖТ D вЖТ A гАРAжИРдЇ§гАС,2,0.01
C1 вЖТ D вЖТ C1 вЖТ D вЖТ C1 вЖТ C2 вЖТ B гАРBжИРдЇ§гАС,2,0.01
C1 вЖТ D вЖТ C1 вЖТ D вЖТ C1 вЖТ C2 вЖТ B вЖТ A вЖТ B вЖТ C1 вЖТ A вЖТ C1 вЖТ A гАРAжИРдЇ§гАС,2,0.01
B вЖТ C1 вЖТ B вЖТ A вЖТ C1 вЖТ B вЖТ D вЖТ E вЖТ A гАРAжИРдЇ§гАС,2,0.01
C1 вЖТ A вЖТ B вЖТ A вЖТ B вЖТ A вЖТ B вЖТ D вЖТ C1 гАРC1жИРдЇ§гАС,2,0.01
D вЖТ B вЖТ C1 гАРBжИРдЇ§гАС,2,0.01
A вЖТ B вЖТ D вЖТ B вЖТ A вЖТ B вЖТ A вЖТ B вЖТ A вЖТ B гАРBжИРдЇ§гАС,2,0.01
C1 вЖТ A вЖТ B вЖТ A вЖТ C1 гАРC1жИРдЇ§гАС,2,0.01
E вЖТ A вЖТ C2 вЖТ C1 вЖТ B гАРBжИРдЇ§гАС,2,0.01
C1 вЖТ B вЖТ C1 вЖТ C2 гАРC2жИРдЇ§гАС,2,0.01
C1 вЖТ D вЖТ E гАРEжИРдЇ§гАС,2,0.01
B вЖТ A вЖТ C1 вЖТ B вЖТ E вЖТ B гАРBжИРдЇ§гАС,2,0.01
B вЖТ D вЖТ B вЖТ C1 вЖТ A вЖТ C1 вЖТ B вЖТ C1 вЖТ A гАРAжИРдЇ§гАС,2,0.01
D вЖТ C1 вЖТ A вЖТ B вЖТ C1 вЖТ B вЖТ A гАРAжИРдЇ§гАС,2,0.01
A вЖТ E вЖТ C1 гАРC1жИРдЇ§гАС,2,0.01
C1 вЖТ B вЖТ C1 вЖТ D вЖТ C1 вЖТ D вЖТ C1 вЖТ A гАРAжИРдЇ§гАС,2,0.01
D вЖТ A вЖТ B вЖТ C1 вЖТ A гАРAжИРдЇ§гАС,2,0.01
B вЖТ A вЖТ C1 вЖТ A вЖТ B вЖТ C1 гАРC1жИРдЇ§гАС,2,0.01
C1 вЖТ B вЖТ C1 вЖТ B вЖТ A вЖТ C1 вЖТ C2 гАРC2жИРдЇ§гАС,2,0.01
C1 вЖТ A вЖТ B вЖТ A вЖТ C2 гАРC2жИРдЇ§гАС,2,0.01
C1 вЖТ D вЖТ C1 вЖТ D вЖТ C1 вЖТ C2 вЖТ B вЖТ A вЖТ B вЖТ C1 вЖТ A вЖТ C1 вЖТ A вЖТ D гАРDжИРдЇ§гАС,2,0.01
B вЖТ C1 вЖТ D вЖТ C1 вЖТ B вЖТ C1 вЖТ E вЖТ C1 вЖТ B гАРBжИРдЇ§гАС,2,0.01
C1 вЖТ E вЖТ C2 вЖТ E вЖТ B гАРEжИРдЇ§гАС,2,0.01
C1 вЖТ E вЖТ C2 вЖТ E вЖТ B вЖТ E гАРEжИРдЇ§гАС,2,0.01
C1 вЖТ E вЖТ C2 вЖТ E вЖТ B вЖТ E вЖТ C1 вЖТ A гАРAжИРдЇ§гАС,2,0.01
A вЖТ C1 вЖТ B вЖТ A вЖТ B вЖТ C1 вЖТ B гАРBжИРдЇ§гАС,2,0.01
E вЖТ C1 вЖТ B вЖТ C1 вЖТ A вЖТ B гАРBжИРдЇ§гАС,2,0.01
B вЖТ C2 вЖТ B гАРBжИРдЇ§гАС,2,0.01
C2 вЖТ E вЖТ A гАРAжИРдЇ§гАС,2,0.01
A вЖТ E вЖТ A вЖТ B гАРBжИРдЇ§гАС,2,0.01
C2 вЖТ B вЖТ A вЖТ C2 вЖТ C1 гАРC1жИРдЇ§гАС,1,0.0
D вЖТ A вЖТ D вЖТ B гАРBжИРдЇ§гАС,1,0.0
C2 вЖТ C1 вЖТ E вЖТ A гАРAжИРдЇ§гАС,1,0.0
B вЖТ A вЖТ B вЖТ C1 вЖТ A вЖТ B гАРBжИРдЇ§гАС,1,0.0
B вЖТ A вЖТ B вЖТ C1 вЖТ A вЖТ B вЖТ C2 гАРC2жИРдЇ§гАС,1,0.0
D вЖТ C2 вЖТ D гАРDжИРдЇ§гАС,1,0.0
B вЖТ D вЖТ B вЖТ C1 вЖТ A вЖТ C1 вЖТ B вЖТ C1 гАРC1жИРдЇ§гАС,1,0.0
D вЖТ E вЖТ C1 гАРC1жИРдЇ§гАС,1,0.0
D вЖТ C1 вЖТ A вЖТ B вЖТ C1 гАРC1жИРдЇ§гАС,1,0.0
D вЖТ C1 вЖТ A вЖТ B вЖТ C1 гАРBжИРдЇ§гАС,1,0.0
D вЖТ B вЖТ C1 вЖТ B вЖТ A гАРAжИРдЇ§гАС,1,0.0
A вЖТ C1 вЖТ A вЖТ C1 вЖТ B вЖТ C1 гАРC1жИРдЇ§гАС,1,0.0
A вЖТ C1 вЖТ A вЖТ C1 вЖТ B вЖТ C1 вЖТ B гАРBжИРдЇ§гАС,1,0.0
C1 вЖТ A вЖТ C1 вЖТ B вЖТ C1 вЖТ B вЖТ C1 вЖТ A вЖТ C1 вЖТ A гАРAжИРдЇ§гАС,1,0.0
C1 вЖТ A вЖТ C1 вЖТ B вЖТ C1 вЖТ B вЖТ C1 вЖТ A вЖТ C1 вЖТ A вЖТ B вЖТ A гАРAжИРдЇ§гАС,1,0.0
C1 вЖТ B вЖТ A вЖТ C2 вЖТ A вЖТ B вЖТ D гАРAжИРдЇ§гАС,1,0.0
C1 вЖТ B вЖТ A вЖТ C2 вЖТ A вЖТ B вЖТ D вЖТ A вЖТ C1 вЖТ A гАРAжИРдЇ§гАС,1,0.0
B вЖТ C1 вЖТ B вЖТ D гАРDжИРдЇ§гАС,1,0.0
B вЖТ C1 вЖТ B вЖТ D вЖТ C1 гАРC1жИРдЇ§гАС,1,0.0
C2 вЖТ B вЖТ A гАРAжИРдЇ§гАС,1,0.0
C2 вЖТ B вЖТ A вЖТ C2 гАРC2жИРдЇ§гАС,1,0.0
B вЖТ A вЖТ C1 вЖТ B вЖТ C2 вЖТ C1 вЖТ B гАРC1жИРдЇ§гАС,1,0.0
C1 вЖТ C2 вЖТ B вЖТ C1 вЖТ B гАРBжИРдЇ§гАС,1,0.0
C1 вЖТ C2 вЖТ C1 гАРC2жИРдЇ§гАС,1,0.0
C1 вЖТ C2 вЖТ C1 вЖТ A вЖТ C1 вЖТ A гАРAжИРдЇ§гАС,1,0.0
B вЖТ A вЖТ E вЖТ B гАРBжИРдЇ§гАС,1,0.0
A вЖТ B вЖТ C1 гАРBжИРдЇ§гАС,1,0.0
E вЖТ C1 вЖТ B вЖТ C1 гАРC1жИРдЇ§гАС,1,0.0
C2 вЖТ A вЖТ B вЖТ A вЖТ B гАРBжИРдЇ§гАС,1,0.0
B вЖТ C1 вЖТ D вЖТ C1 вЖТ B вЖТ C1 гАРC1жИРдЇ§гАС,1,0.0
B вЖТ C1 вЖТ D вЖТ C1 вЖТ B вЖТ C1 вЖТ E вЖТ C1 гАРC1жИРдЇ§гАС,1,0.0
C1 вЖТ A вЖТ D вЖТ A гАРAжИРдЇ§гАС,1,0.0
B вЖТ C1 вЖТ D вЖТ C1 вЖТ A гАРDжИРдЇ§гАС,1,0.0
D вЖТ C1 вЖТ B вЖТ A гАРAжИРдЇ§гАС,1,0.0
C1 вЖТ A вЖТ C1 вЖТ B вЖТ C1 вЖТ B вЖТ C1 вЖТ A вЖТ C1 гАРC1жИРдЇ§гАС,1,0.0
C1 вЖТ D вЖТ C1 вЖТ D вЖТ C1 вЖТ C2 вЖТ B вЖТ A вЖТ B вЖТ C1 вЖТ A вЖТ C1 вЖТ A вЖТ D вЖТ C2 гАРC2жИРдЇ§гАС,1,0.0
A вЖТ C1 вЖТ B вЖТ C2 вЖТ C1 вЖТ A гАРAжИРдЇ§гАС,1,0.0
C2 вЖТ A вЖТ C1 вЖТ B вЖТ C1 гАРC1жИРдЇ§гАС,1,0.0
A вЖТ B вЖТ A вЖТ B вЖТ A вЖТ B вЖТ C1 вЖТ A гАРC1жИРдЇ§гАС,1,0.0
A вЖТ B вЖТ A вЖТ B вЖТ A вЖТ B вЖТ C1 вЖТ A гАРBжИРдЇ§гАС,1,0.0
A вЖТ C1 вЖТ B вЖТ E вЖТ C1 гАРC1жИРдЇ§гАС,1,0.0
B вЖТ A вЖТ B вЖТ D вЖТ A вЖТ D гАРDжИРдЇ§гАС,1,0.0
C1 вЖТ D вЖТ C1 вЖТ D вЖТ C1 вЖТ C2 вЖТ B вЖТ A вЖТ B вЖТ C1 вЖТ A гАРAжИРдЇ§гАС,1,0.0
A вЖТ B вЖТ A гАРBжИРдЇ§гАС,1,0.0
A вЖТ B вЖТ E гАРEжИРдЇ§гАС,1,0.0
E вЖТ C1 вЖТ C2 вЖТ C1 вЖТ B вЖТ A гАРAжИРдЇ§гАС,1,0.0
C1 вЖТ A вЖТ C1 вЖТ B вЖТ C2 вЖТ A гАРAжИРдЇ§гАС,1,0.0
C1 вЖТ B вЖТ C1 вЖТ B вЖТ A вЖТ C1 вЖТ A гАРAжИРдЇ§гАС,1,0.0
C1 вЖТ B вЖТ C1 вЖТ B вЖТ A вЖТ C1 вЖТ A вЖТ C1 гАРC1жИРдЇ§гАС,1,0.0
C1 вЖТ B вЖТ C1 вЖТ B вЖТ A вЖТ C1 вЖТ A вЖТ C1 вЖТ A гАРAжИРдЇ§гАС,1,0.0
E вЖТ A вЖТ C2 гАРC2жИРдЇ§гАС,1,0.0
E вЖТ A вЖТ C2 вЖТ C1 гАРC1жИРдЇ§гАС,1,0.0
C1 вЖТ D вЖТ A вЖТ C1 гАРC1жИРдЇ§гАС,1,0.0
C1 вЖТ A вЖТ B вЖТ C1 вЖТ B вЖТ C1 гАРC1жИРдЇ§гАС,1,0.0
B вЖТ C1 вЖТ B вЖТ C1 вЖТ B вЖТ A вЖТ B вЖТ C1 гАРC1жИРдЇ§гАС,1,0.0
D вЖТ B вЖТ E вЖТ D гАРBжИРдЇ§гАС,1,0.0
D вЖТ B вЖТ E вЖТ D гАРEжИРдЇ§гАС,1,0.0
A вЖТ B вЖТ C1 вЖТ B вЖТ D гАРDжИРдЇ§гАС,1,0.0
C1 вЖТ A вЖТ B вЖТ A вЖТ D гАРDжИРдЇ§гАС,1,0.0
B вЖТ C1 вЖТ A вЖТ D вЖТ A гАРAжИРдЇ§гАС,1,0.0
C1 вЖТ D вЖТ C1 вЖТ A вЖТ D вЖТ C1 вЖТ A гАРAжИРдЇ§гАС,1,0.0
C1 вЖТ D вЖТ C1 вЖТ A вЖТ D вЖТ C1 вЖТ A вЖТ B гАРBжИРдЇ§гАС,1,0.0
C1 вЖТ D вЖТ C1 вЖТ A вЖТ D вЖТ C1 вЖТ A вЖТ B вЖТ C1 вЖТ A гАРAжИРдЇ§гАС,1,0.0
B вЖТ A вЖТ B вЖТ A вЖТ C1 гАРC1жИРдЇ§гАС,1,0.0
B вЖТ A вЖТ B вЖТ A вЖТ C1 вЖТ A вЖТ C2 вЖТ C1 вЖТ B гАРBжИРдЇ§гАС,1,0.0
C1 вЖТ B вЖТ A вЖТ B вЖТ C1 вЖТ B гАРBжИРдЇ§гАС,1,0.0
D вЖТ A вЖТ D вЖТ C1 гАРC1жИРдЇ§гАС,1,0.0
C1 вЖТ C2 вЖТ D гАРDжИРдЇ§гАС,1,0.0
C2 вЖТ D вЖТ A гАРAжИРдЇ§гАС,1,0.0
E вЖТ A вЖТ C1 вЖТ D гАРDжИРдЇ§гАС,1,0.0
B вЖТ E вЖТ A гАРEжИРдЇ§гАС,1,0.0
B вЖТ E вЖТ A гАРBжИРдЇ§гАС,1,0.0
C1 вЖТ B вЖТ A вЖТ B вЖТ A вЖТ C2 вЖТ C1 вЖТ B вЖТ A вЖТ C1 вЖТ A гАРAжИРдЇ§гАС,1,0.0
C2 вЖТ B вЖТ C1 вЖТ B гАРBжИРдЇ§гАС,1,0.0
C1 вЖТ A вЖТ D вЖТ B вЖТ C1 вЖТ B вЖТ C1 вЖТ A гАРAжИРдЇ§гАС,1,0.0
C1 вЖТ B вЖТ C1 вЖТ A вЖТ B вЖТ A вЖТ C1 гАРC1жИРдЇ§гАС,1,0.0
C1 вЖТ B вЖТ C1 вЖТ A вЖТ B вЖТ A вЖТ C1 вЖТ C2 гАРC2жИРдЇ§гАС,1,0.0
E вЖТ C1 вЖТ C2 вЖТ B гАРC2жИРдЇ§гАС,1,0.0
C1 вЖТ D вЖТ C2 вЖТ A гАРAжИРдЇ§гАС,1,0.0
C1 вЖТ D вЖТ C2 вЖТ A вЖТ C1 вЖТ D гАРDжИРдЇ§гАС,1,0.0
C1 вЖТ B вЖТ C2 вЖТ A вЖТ B гАРBжИРдЇ§гАС,1,0.0
C1 вЖТ E вЖТ C2 гАРC2жИРдЇ§гАС,1,0.0
B вЖТ C2 вЖТ B вЖТ A вЖТ C2 вЖТ B вЖТ C1 вЖТ B вЖТ C1 вЖТ B гАРBжИРдЇ§гАС,1,0.0
E вЖТ A вЖТ C1 вЖТ B гАРBжИРдЇ§гАС,1,0.0
A вЖТ E вЖТ B гАРEжИРдЇ§гАС,1,0.0
A вЖТ E вЖТ B гАРBжИРдЇ§гАС,1,0.0
C1 вЖТ A вЖТ E вЖТ A вЖТ B вЖТ C1 вЖТ A вЖТ C1 гАРC1жИРдЇ§гАС,1,0.0
B вЖТ C1 вЖТ D вЖТ C1 вЖТ B вЖТ A гАРAжИРдЇ§гАС,1,0.0
A вЖТ D вЖТ C1 вЖТ B вЖТ C1 вЖТ B вЖТ D вЖТ B вЖТ A гАРAжИРдЇ§гАС,1,0.0
A вЖТ C2 вЖТ C1 вЖТ B гАРBжИРдЇ§гАС,1,0.0
D вЖТ B гАРDжИРдЇ§гАС,1,0.0
A вЖТ B вЖТ A вЖТ B вЖТ C1 гАРC1жИРдЇ§гАС,1,0.0
D вЖТ E вЖТ B вЖТ C1 гАРC1жИРдЇ§гАС,1,0.0
B вЖТ A вЖТ C2 вЖТ D гАРDжИРдЇ§гАС,1,0.0
E вЖТ B вЖТ A вЖТ D вЖТ C1 гАРC1жИРдЇ§гАС,1,0.0
C1 вЖТ B вЖТ A вЖТ D вЖТ A вЖТ C1 вЖТ A вЖТ C1 гАРC1жИРдЇ§гАС,1,0.0
C1 вЖТ B вЖТ A вЖТ D вЖТ A вЖТ C1 вЖТ A вЖТ C1 вЖТ A вЖТ C1 гАРC1жИРдЇ§гАС,1,0.0
C1 вЖТ A вЖТ C1 вЖТ B вЖТ C1 вЖТ A гАРAжИРдЇ§гАС,1,0.0
C1 вЖТ A вЖТ C1 вЖТ B вЖТ C1 вЖТ A вЖТ B гАРBжИРдЇ§гАС,1,0.0
C1 вЖТ A вЖТ E вЖТ A вЖТ B вЖТ C1 вЖТ A гАРAжИРдЇ§гАС,1,0.0
C1 вЖТ B вЖТ C1 вЖТ A вЖТ D гАРDжИРдЇ§гАС,1,0.0
C1 вЖТ B вЖТ C1 вЖТ A вЖТ D вЖТ C1 гАРC1жИРдЇ§гАС,1,0.0
C1 вЖТ A вЖТ E вЖТ C1 вЖТ A вЖТ B гАРBжИРдЇ§гАС,1,0.0
C1 вЖТ C2 вЖТ C1 вЖТ B вЖТ C1 вЖТ A гАРAжИРдЇ§гАС,1,0.0
C1 вЖТ C2 вЖТ C1 вЖТ B вЖТ C1 вЖТ A вЖТ C1 вЖТ A вЖТ D вЖТ C1 вЖТ B вЖТ A вЖТ C1 вЖТ B вЖТ A гАРAжИРдЇ§гАС,1,0.0
C1 вЖТ C2 вЖТ C1 вЖТ B вЖТ C1 вЖТ A вЖТ C1 вЖТ A вЖТ D вЖТ C1 вЖТ B вЖТ A вЖТ C1 вЖТ B вЖТ A вЖТ D гАРDжИРдЇ§гАС,1,0.0
C1 вЖТ A вЖТ B вЖТ A вЖТ B вЖТ A вЖТ B гАРBжИРдЇ§гАС,1,0.0
B вЖТ A вЖТ D вЖТ C1 вЖТ A вЖТ C2 вЖТ A вЖТ D вЖТ A вЖТ C1 гАРC1жИРдЇ§гАС,1,0.0
B вЖТ A вЖТ D вЖТ C1 вЖТ A вЖТ C2 вЖТ A вЖТ D вЖТ A вЖТ C1 вЖТ A вЖТ B вЖТ C1 гАРC1жИРдЇ§гАС,1,0.0
A вЖТ B вЖТ D вЖТ B вЖТ A вЖТ B вЖТ A вЖТ B вЖТ A вЖТ B вЖТ E вЖТ B вЖТ C1 гАРC1жИРдЇ§гАС,1,0.0
C1 вЖТ D вЖТ B вЖТ A вЖТ B гАРBжИРдЇ§гАС,1,0.0
C1 вЖТ D вЖТ B вЖТ A вЖТ B вЖТ D гАРDжИРдЇ§гАС,1,0.0
C1 вЖТ E вЖТ C1 вЖТ A гАРAжИРдЇ§гАС,1,0.0
B вЖТ C1 вЖТ D вЖТ B вЖТ A гАРAжИРдЇ§гАС,1,0.0
C1 вЖТ C2 вЖТ A вЖТ B вЖТ C1 гАРC1жИРдЇ§гАС,1,0.0
C1 вЖТ C2 вЖТ A вЖТ B вЖТ C1 вЖТ B вЖТ C1 гАРC1жИРдЇ§гАС,1,0.0
B вЖТ C1 вЖТ D вЖТ C1 вЖТ D вЖТ C1 вЖТ A гАРAжИРдЇ§гАС,1,0.0
C1 вЖТ B вЖТ C1 вЖТ B вЖТ A вЖТ C1 вЖТ C2 вЖТ C1 гАРC1жИРдЇ§гАС,1,0.0
C1 вЖТ B вЖТ C1 вЖТ B вЖТ A вЖТ C1 вЖТ C2 вЖТ C1 вЖТ A гАРAжИРдЇ§гАС,1,0.0
C1 вЖТ E вЖТ B вЖТ A вЖТ C2 вЖТ E гАРC2жИРдЇ§гАС,1,0.0
A вЖТ C2 вЖТ A вЖТ B вЖТ C1 вЖТ A гАРAжИРдЇ§гАС,1,0.0
A вЖТ C2 вЖТ A вЖТ B вЖТ C1 вЖТ A вЖТ B гАРBжИРдЇ§гАС,1,0.0
A вЖТ C2 вЖТ A вЖТ B вЖТ C1 вЖТ A вЖТ B вЖТ A гАРAжИРдЇ§гАС,1,0.0
A вЖТ C1 вЖТ E гАРC1жИРдЇ§гАС,1,0.0
C2 вЖТ E вЖТ C1 гАРC1жИРдЇ§гАС,1,0.0
C1 вЖТ D вЖТ B вЖТ C1 вЖТ B гАРBжИРдЇ§гАС,1,0.0
C1 вЖТ D вЖТ B вЖТ C1 вЖТ B вЖТ C1 гАРC1жИРдЇ§гАС,1,0.0
E вЖТ C1 вЖТ A вЖТ B гАРBжИРдЇ§гАС,1,0.0
C1 вЖТ A вЖТ C1 вЖТ A вЖТ C1 вЖТ C2 вЖТ C1 вЖТ A вЖТ B вЖТ A гАРAжИРдЇ§гАС,1,0.0
B вЖТ C1 вЖТ B вЖТ C1 вЖТ B вЖТ D вЖТ A вЖТ E вЖТ A вЖТ B вЖТ A вЖТ B вЖТ A вЖТ C1 вЖТ A вЖТ E вЖТ A вЖТ B гАРBжИРдЇ§гАС,1,0.0
B вЖТ C1 вЖТ B вЖТ C1 вЖТ B вЖТ D вЖТ A вЖТ E вЖТ A вЖТ B вЖТ A вЖТ B вЖТ A вЖТ C1 вЖТ A вЖТ E вЖТ A вЖТ B гАРAжИРдЇ§гАС,1,0.0
B вЖТ C1 вЖТ B вЖТ C1 вЖТ B вЖТ D вЖТ A вЖТ E вЖТ A вЖТ B вЖТ A вЖТ B вЖТ A вЖТ C1 вЖТ A вЖТ E вЖТ A вЖТ B вЖТ A вЖТ C1 гАРC1жИРдЇ§гАС,1,0.0
B вЖТ C1 вЖТ B вЖТ C1 вЖТ B вЖТ D вЖТ A вЖТ E вЖТ A вЖТ B вЖТ A вЖТ B вЖТ A вЖТ C1 вЖТ A вЖТ E вЖТ A вЖТ B вЖТ A вЖТ C1 вЖТ B вЖТ A гАРBжИРдЇ§гАС,1,0.0
B вЖТ C1 вЖТ B вЖТ C1 вЖТ B вЖТ D вЖТ A вЖТ E вЖТ A вЖТ B вЖТ A вЖТ B вЖТ A вЖТ C1 вЖТ A вЖТ E вЖТ A вЖТ B вЖТ A вЖТ C1 вЖТ B вЖТ A вЖТ D гАРDжИРдЇ§гАС,1,0.0
B вЖТ C1 вЖТ B вЖТ C1 вЖТ B вЖТ D вЖТ A вЖТ E вЖТ A вЖТ B вЖТ A вЖТ B вЖТ A вЖТ C1 вЖТ A вЖТ E вЖТ A вЖТ B вЖТ A вЖТ C1 вЖТ B вЖТ A вЖТ D вЖТ A вЖТ B гАРBжИРдЇ§гАС,1,0.0
C1 вЖТ B вЖТ C1 вЖТ A вЖТ B гАРBжИРдЇ§гАС,1,0.0
A вЖТ C1 вЖТ A вЖТ B вЖТ A вЖТ C1 вЖТ B вЖТ C1 вЖТ B вЖТ A вЖТ B вЖТ A вЖТ C1 вЖТ B гАРBжИРдЇ§гАС,1,0.0
B вЖТ C1 вЖТ B вЖТ A вЖТ C1 вЖТ B вЖТ D вЖТ E гАРEжИРдЇ§гАС,1,0.0
B вЖТ C1 вЖТ B вЖТ A вЖТ C1 вЖТ B вЖТ D вЖТ E гАРC1жИРдЇ§гАС,1,0.0
B вЖТ C1 вЖТ B вЖТ A вЖТ C1 вЖТ B вЖТ D вЖТ E гАРAжИРдЇ§гАС,1,0.0
A вЖТ B вЖТ C1 вЖТ A вЖТ C1 гАРC1жИРдЇ§гАС,1,0.0
E вЖТ A вЖТ B вЖТ C1 гАРC1жИРдЇ§гАС,1,0.0
B вЖТ C1 вЖТ D вЖТ A вЖТ C1 гАРC1жИРдЇ§гАС,1,0.0
A вЖТ B вЖТ D вЖТ C1 гАРC1жИРдЇ§гАС,1,0.0
A вЖТ B вЖТ D вЖТ C1 вЖТ B гАРBжИРдЇ§гАС,1,0.0
A вЖТ B вЖТ D вЖТ C1 вЖТ B вЖТ A гАРAжИРдЇ§гАС,1,0.0
C1 вЖТ B вЖТ E вЖТ C1 вЖТ B вЖТ D вЖТ A гАРAжИРдЇ§гАС,1,0.0
C1 вЖТ B вЖТ E вЖТ C1 вЖТ B вЖТ D вЖТ A вЖТ C1 вЖТ A вЖТ B вЖТ C1 вЖТ C2 гАРC2жИРдЇ§гАС,1,0.0
C1 вЖТ B вЖТ E вЖТ C1 вЖТ B вЖТ D вЖТ A вЖТ C1 вЖТ A вЖТ B вЖТ C1 вЖТ C2 вЖТ B гАРBжИРдЇ§гАС,1,0.0
C1 вЖТ E гАРC1жИРдЇ§гАС,1,0.0
A вЖТ C1 вЖТ A вЖТ B вЖТ C1 вЖТ A вЖТ C1 гАРC1жИРдЇ§гАС,1,0.0
A вЖТ C1 вЖТ A вЖТ B вЖТ C1 вЖТ A вЖТ C1 гАРBжИРдЇ§гАС,1,0.0
C1 вЖТ B вЖТ A вЖТ B вЖТ A вЖТ B вЖТ A гАРAжИРдЇ§гАС,1,0.0
E вЖТ A вЖТ B вЖТ C1 вЖТ B гАРBжИРдЇ§гАС,1,0.0
A вЖТ C1 вЖТ D вЖТ B вЖТ C1 гАРBжИРдЇ§гАС,1,0.0
A вЖТ C1 вЖТ A вЖТ B гАРC1жИРдЇ§гАС,1,0.0
A вЖТ C1 вЖТ A вЖТ B гАРAжИРдЇ§гАС,1,0.0
B вЖТ A вЖТ C1 вЖТ B вЖТ C1 вЖТ B гАРBжИРдЇ§гАС,1,0.0
D вЖТ C2 гАРC2жИРдЇ§гАС,1,0.0
B вЖТ A вЖТ C1 вЖТ B вЖТ E гАРEжИРдЇ§гАС,1,0.0
A вЖТ B вЖТ C1 вЖТ B гАРBжИРдЇ§гАС,1,0.0
A вЖТ C1 вЖТ B вЖТ A вЖТ C1 вЖТ A вЖТ E гАРEжИРдЇ§гАС,1,0.0
B вЖТ A вЖТ B вЖТ C2 вЖТ A вЖТ C1 вЖТ A вЖТ C1 вЖТ D вЖТ A гАРAжИРдЇ§гАС,1,0.0
B вЖТ C2 вЖТ B вЖТ A вЖТ C1 вЖТ A вЖТ C1 вЖТ B вЖТ C1 гАРC1жИРдЇ§гАС,1,0.0
C1 вЖТ B вЖТ D вЖТ A вЖТ B вЖТ D вЖТ B вЖТ C1 вЖТ A вЖТ B вЖТ A вЖТ C1 вЖТ C2 гАРC1жИРдЇ§гАС,1,0.0
