path,path_length,last_stage,is_leaf,total_orders,new_customer_orders,repurchase_orders,repurchase_rate,total_amount,avg_amount,final_stages
C1,1,C1,True,7480,1181,6299,84.21122994652407,2468827026.0,330057.08903743315,{'C1': 4614}
B,1,B,True,5870,938,4932,84.02044293015332,1730467398.0,294798.5345826235,{'B': 3725}
A,1,A,True,5593,922,4671,83.51510817092795,1382479994.82,247180.40315036653,{'A': 3572}
D,1,D,True,1111,189,922,82.98829882988299,279534394.44,251606.11560756076,{'D': 688}
E,1,E,True,841,155,686,81.56956004756243,220415214.0,262087.0558858502,{'E': 470}
C2,1,C2,True,741,144,597,80.5668016194332,169969456.2,229378.4834008097,{'C2': 422}
C1 → B,2,B,True,1149,93,1056,91.90600522193212,625592826.0,544467.2114882506,"{'B': 625, 'C1': 9}"
C1 → A,2,A,True,1123,70,1053,93.766696349065,411413048.0,366351.77916295634,"{'A': 602, 'C1': 4}"
A → B,2,B,True,1019,45,974,95.58390578999018,296555024.0,291025.53876349365,"{'B': 593, 'A': 14}"
B → C1,2,C1,True,1010,76,934,92.47524752475248,369450451.0,365792.52574257425,"{'C1': 429, 'B': 17}"
B → A,2,A,True,763,57,706,92.52948885976409,296247547.0,388266.7719528178,"{'A': 430, 'B': 8}"
A → C1,2,C1,True,719,60,659,91.65507649513212,209509536.0,291390.1752433936,"{'C1': 356, 'A': 10}"
C1 → D,2,D,True,251,25,226,90.0398406374502,69109341.0,275336.01992031874,"{'C1': 6, 'D': 112}"
C1 → E,2,E,True,192,17,175,91.14583333333334,40285418.0,209819.88541666666,"{'E': 78, 'C1': 1}"
D → A,2,A,True,152,9,143,94.07894736842105,48682646.0,320280.5657894737,"{'A': 89, 'D': 7}"
C1 → C2,2,C2,True,151,13,138,91.3907284768212,30382821.0,201210.73509933776,"{'C2': 70, 'C1': 5}"
E → C1,2,C1,True,148,18,130,87.83783783783784,41982812.0,283667.64864864864,{'C1': 86}
D → C1,2,C1,True,134,14,120,89.55223880597015,55626906.0,415126.1641791045,"{'C1': 60, 'D': 3}"
B → C2,2,C2,True,132,8,124,93.93939393939394,31829111.0,241129.62878787878,{'C2': 77}
B → D,2,D,True,126,12,114,90.47619047619048,23165798.0,183855.53968253967,"{'D': 68, 'B': 9}"
D → B,2,B,True,115,12,103,89.56521739130436,37912812.0,329676.62608695653,"{'B': 85, 'D': 1}"
C2 → C1,2,C1,True,114,20,94,82.45614035087719,34088911.2,299025.53684210527,"{'C1': 63, 'C2': 2}"
B → E,2,E,True,114,11,103,90.35087719298247,21107623.0,185154.58771929826,"{'E': 50, 'B': 2}"
A → C2,2,C2,True,109,9,100,91.74311926605505,46514781.0,426741.1100917431,"{'C2': 41, 'A': 2}"
A → D,2,D,True,107,12,95,88.78504672897196,24419068.0,228215.58878504674,{'D': 43}
C2 → A,2,A,True,100,7,93,93.0,25518308.0,255183.08,{'A': 51}
E → B,2,B,True,98,12,86,87.75510204081633,18253331.0,186258.47959183675,"{'B': 52, 'E': 17}"
E → A,2,A,True,81,8,73,90.12345679012346,27820094.0,343457.95061728393,"{'A': 40, 'E': 4}"
A → E,2,E,True,67,5,62,92.53731343283582,16354746.0,244100.68656716417,{'E': 52}
C2 → B,2,B,True,53,7,46,86.79245283018868,17998036.0,339585.58490566036,{'B': 38}
C2 → D,2,D,True,36,3,33,91.66666666666666,9479568.0,263321.3333333333,"{'D': 19, 'C2': 11}"
E → C2,2,C2,True,23,2,21,91.30434782608695,27717895.0,1205125.8695652173,{'C2': 8}
E → D,2,D,True,21,3,18,85.71428571428571,6680405.0,318114.5238095238,{'D': 16}
D → E,2,E,True,20,4,16,80.0,9495601.0,474780.05,{'E': 7}
C2 → E,2,E,True,16,2,14,87.5,1409365.0,88085.3125,{'E': 5}
D → C2,2,C2,True,2,0,2,100.0,56944.0,28472.0,{'C2': 1}
B → C1 → B,3,B,True,285,14,271,95.08771929824562,166546966.0,584375.3192982456,"{'B': 142, 'C1': 3}"
C1 → B → C1,3,C1,True,266,11,255,95.86466165413535,74091033.0,278537.7180451128,"{'C1': 179, 'B': 4}"
C1 → A → C1,3,C1,True,259,7,252,97.2972972972973,59708956.0,230536.50965250965,"{'C1': 116, 'A': 3}"
C1 → B → A,3,A,True,197,12,185,93.90862944162437,182182014.0,924781.7969543147,{'A': 111}
A → B → A,3,A,True,193,4,189,97.92746113989638,45247512.0,234443.06735751295,"{'A': 115, 'B': 1}"
B → C1 → A,3,A,True,184,8,176,95.65217391304348,53996022.0,293456.64130434784,{'A': 96}
B → A → B,3,B,True,163,8,155,95.0920245398773,31341702.0,192280.38036809815,"{'A': 9, 'B': 77}"
A → B → C1,3,C1,True,163,3,160,98.15950920245399,48186893.0,295625.11042944784,"{'C1': 96, 'B': 1}"
C1 → A → B,3,B,True,146,8,138,94.52054794520548,37110151.0,254179.11643835617,{'B': 49}
A → C1 → A,3,A,True,146,6,140,95.8904109589041,34659947.0,237396.89726027398,{'A': 78}
B → A → C1,3,C1,True,123,9,114,92.6829268292683,111246753.0,904445.1463414634,{'C1': 29}
A → C1 → B,3,B,True,120,5,115,95.83333333333334,31135952.0,259466.26666666666,{'B': 83}
C1 → A → E,3,E,True,64,2,62,96.875,154915108.0,2420548.5625,{'E': 20}
B → C1 → D,3,D,True,60,3,57,95.0,19824195.0,330403.25,{'D': 9}
D → C1 → B,3,B,True,57,2,55,96.49122807017544,23250827.0,407909.2456140351,{'B': 49}
C1 → C2 → C1,3,C1,True,51,3,48,94.11764705882352,7138279.0,139966.25490196078,"{'C1': 26, 'C2': 1}"
C1 → E → B,3,B,True,46,2,44,95.65217391304348,12352772.0,268538.52173913043,"{'B': 13, 'E': 2}"
A → B → D,3,D,True,43,0,43,100.0,6975636.0,162224.09302325582,{'D': 6}
D → A → B,3,B,True,43,0,43,100.0,10085475.0,234545.93023255814,{'B': 22}
C1 → D → C2,3,C2,True,43,0,43,100.0,14603054.0,339605.9069767442,"{'D': 6, 'C2': 8}"
A → C1 → E,3,E,True,42,2,40,95.23809523809523,40948594.0,974966.5238095238,"{'E': 12, 'C1': 1}"
C1 → E → C2,3,C2,True,40,0,40,100.0,11683175.0,292079.375,"{'E': 4, 'C2': 1}"
C1 → D → C1,3,C1,True,37,3,34,91.8918918918919,9389129.0,253760.24324324325,{'C1': 16}
A → C2 → A,3,A,True,35,1,34,97.14285714285714,6829886.0,195139.6,{'A': 25}
A → C1 → D,3,D,True,35,1,34,97.14285714285714,3116307.0,89037.34285714285,{'D': 14}
B → E → A,3,A,True,34,2,32,94.11764705882352,6463101.0,190091.20588235295,"{'A': 24, 'E': 1, 'B': 1}"
A → D → C1,3,C1,True,33,2,31,93.93939393939394,6386509.0,193530.57575757575,{'C1': 10}
C1 → D → B,3,B,True,31,1,30,96.7741935483871,6218952.0,200611.35483870967,{'B': 16}
C1 → A → C2,3,C2,True,29,0,29,100.0,3653178.0,125971.6551724138,{'C2': 15}
B → C2 → C1,3,C1,True,27,1,26,96.29629629629629,4300402.0,159274.14814814815,{'C1': 6}
E → A → B,3,B,True,26,2,24,92.3076923076923,7569465.0,291133.26923076925,{'B': 2}
B → D → C1,3,C1,True,24,1,23,95.83333333333334,6662237.0,277593.2083333333,{'C1': 5}
C2 → A → C1,3,C1,True,23,1,22,95.65217391304348,6345387.0,275886.39130434784,{'C1': 15}
C1 → B → D,3,D,True,23,1,22,95.65217391304348,6665539.0,289806.04347826086,{'D': 16}
B → A → C2,3,C2,True,22,1,21,95.45454545454545,13767984.0,625817.4545454546,{'C2': 6}
E → C1 → C2,3,C2,True,20,3,17,85.0,5615269.0,280763.45,{'C2': 11}
E → C1 → A,3,A,True,20,3,17,85.0,6055362.0,302768.1,{'A': 10}
C2 → A → B,3,B,True,20,0,20,100.0,2657866.0,132893.3,"{'B': 7, 'A': 5}"
B → C2 → B,3,B,True,19,1,18,94.73684210526315,1629099.0,85742.05263157895,{'B': 2}
B → D → B,3,B,True,19,2,17,89.47368421052632,4575641.0,240823.2105263158,{'B': 5}
D → B → C1,3,C1,True,19,2,17,89.47368421052632,3564580.0,187609.47368421053,"{'C1': 9, 'B': 2}"
B → C1 → C2,3,C2,True,19,2,17,89.47368421052632,1497236.0,78801.8947368421,{'C2': 6}
E → C1 → B,3,B,True,19,3,16,84.21052631578947,4128875.0,217309.2105263158,{'B': 12}
C1 → A → D,3,D,True,19,1,18,94.73684210526315,4640649.0,244244.68421052632,{'D': 13}
C1 → B → E,3,E,True,18,1,17,94.44444444444444,4727512.0,262639.55555555556,{'E': 2}
B → C1 → E,3,E,True,16,1,15,93.75,3543953.0,221497.0625,{'E': 4}
C1 → E → C1,3,C1,True,16,3,13,81.25,2215371.0,138460.6875,{'C1': 6}
A → D → A,3,A,True,16,2,14,87.5,3249236.0,203077.25,"{'A': 11, 'D': 2}"
A → D → B,3,B,True,15,1,14,93.33333333333333,2471237.0,164749.13333333333,{'B': 5}
C2 → C1 → B,3,B,True,15,3,12,80.0,3579783.0,238652.2,{'B': 7}
B → E → B,3,B,True,14,2,12,85.71428571428571,3350804.0,239343.14285714287,{'B': 7}
B → E → C1,3,C1,True,14,0,14,100.0,5152580.0,368041.4285714286,{'C1': 14}
B → A → D,3,D,True,14,0,14,100.0,6615957.0,472568.35714285716,{'D': 12}
C1 → D → A,3,A,True,13,0,13,100.0,11473959.0,882612.2307692308,{'A': 7}
C2 → C1 → A,3,A,True,13,1,12,92.3076923076923,2657060.0,204389.23076923078,{'A': 4}
A → C2 → C1,3,C1,True,13,2,11,84.61538461538461,3030499.0,233115.3076923077,{'C1': 10}
C2 → B → C1,3,C1,True,12,0,12,100.0,1643968.0,136997.33333333334,{'C1': 4}
C2 → C1 → D,3,D,True,12,2,10,83.33333333333334,8802096.0,733508.0,"{'D': 8, 'C1': 4}"
C1 → C2 → B,3,B,True,11,2,9,81.81818181818183,2732320.0,248392.72727272726,{'B': 6}
C1 → B → C2,3,C2,True,11,0,11,100.0,3521375.0,320125.0,{'C2': 6}
C1 → C2 → A,3,A,True,10,0,10,100.0,2637870.0,263787.0,{'A': 8}
E → B → A,3,A,True,10,2,8,80.0,3206021.0,320602.1,{'A': 5}
E → B → E,3,E,True,10,2,8,80.0,2566369.0,256636.9,{'E': 5}
A → C2 → B,3,B,True,10,0,10,100.0,1789655.0,178965.5,{'B': 2}
A → C1 → C2,3,C2,True,10,0,10,100.0,990422.0,99042.2,{'C2': 3}
E → B → C1,3,C1,True,9,1,8,88.88888888888889,1407961.0,156440.11111111112,{'C1': 5}
C1 → D → E,3,E,True,9,1,8,88.88888888888889,1161655.0,129072.77777777778,{'E': 2}
B → C2 → A,3,A,True,9,1,8,88.88888888888889,4969548.0,552172.0,{'A': 9}
C1 → E → A,3,A,True,9,2,7,77.77777777777779,1611339.0,179037.66666666666,{'A': 9}
C2 → C1 → E,3,E,True,9,0,9,100.0,367700.0,40855.555555555555,{'E': 8}
D → C1 → A,3,A,True,9,0,9,100.0,1310308.0,145589.77777777778,{'A': 5}
D → A → C1,3,C1,True,8,0,8,100.0,6165425.0,770678.125,{'C1': 4}
A → E → C1,3,C1,True,8,0,8,100.0,930080.0,116260.0,{'C1': 2}
A → C2 → E,3,E,True,8,0,8,100.0,6405708.0,800713.5,{'E': 2}
C2 → E → A,3,A,True,8,0,8,100.0,1113840.0,139230.0,{'A': 2}
E → A → C1,3,C1,True,7,1,6,85.71428571428571,13126254.0,1875179.142857143,{'C1': 5}
B → D → A,3,A,True,6,0,6,100.0,295450.0,49241.666666666664,{'A': 6}
E → D → C1,3,C1,True,5,0,5,100.0,246640.0,49328.0,{'C1': 5}
D → C1 → E,3,E,True,5,1,4,80.0,3196802.0,639360.4,{'E': 5}
A → B → E,3,E,True,5,0,5,100.0,1333120.0,266624.0,{'E': 1}
C2 → D → B,3,B,True,5,1,4,80.0,232900.0,46580.0,{'B': 3}
C1 → C2 → D,3,D,True,4,0,4,100.0,150005.0,37501.25,{'D': 1}
E → A → C2,3,C2,True,4,1,3,75.0,411590.0,102897.5,{'C2': 1}
B → A → E,3,E,True,3,0,3,100.0,271520.0,90506.66666666667,{'E': 2}
D → A → E,3,E,True,3,0,3,100.0,426000.0,142000.0,{'E': 3}
A → E → B,3,B,True,2,0,2,100.0,6163900.0,3081950.0,"{'E': 1, 'B': 1}"
C2 → D → A,3,A,True,1,0,1,100.0,49280.0,49280.0,{'A': 1}
D → C2 → D,3,D,True,1,0,1,100.0,56944.0,56944.0,{'D': 1}
C1 → A → C1 → B,4,B,True,94,1,93,98.93617021276596,24999515.0,265952.28723404254,{'B': 19}
B → C1 → B → C1,4,C1,True,84,4,80,95.23809523809523,55928845.0,665819.5833333334,{'C1': 14}
B → A → C1 → B,4,B,True,73,2,71,97.26027397260275,39656025.0,543233.2191780822,{'B': 28}
C1 → B → A → B,4,B,True,58,2,56,96.55172413793103,33632730.0,579874.6551724138,{'B': 27}
A → B → A → C1,4,C1,True,48,0,48,100.0,5558246.0,115796.79166666667,{'C1': 21}
C1 → A → B → A,4,A,True,45,1,44,97.77777777777777,5684960.0,126332.44444444444,{'A': 10}
B → C1 → A → B,4,B,True,39,1,38,97.43589743589743,15157962.0,388665.6923076923,{'B': 21}
A → C1 → A → C1,4,C1,True,38,0,38,100.0,5148432.0,135485.05263157896,{'C1': 9}
C1 → A → B → C1,4,C1,True,37,2,35,94.5945945945946,17260723.0,466506.02702702704,{'C1': 16}
B → A → B → C1,4,C1,True,37,1,36,97.2972972972973,5434366.0,146874.75675675675,"{'C1': 14, 'B': 2}"
C1 → B → C1 → B,4,B,True,33,1,32,96.96969696969697,11859392.0,359375.51515151514,{'B': 17}
A → B → C1 → B,4,B,True,33,1,32,96.96969696969697,7450145.0,225761.9696969697,{'B': 1}
A → B → C1 → A,4,A,True,31,1,30,96.7741935483871,11801327.0,380687.96774193546,{'A': 8}
A → B → D → B,4,B,True,31,0,31,100.0,5330961.0,171966.48387096773,{'B': 21}
B → C1 → B → A,4,A,True,30,1,29,96.66666666666667,15728133.0,524271.1,{'A': 10}
C1 → A → C1 → A,4,A,True,29,1,28,96.55172413793103,3965825.0,136752.58620689655,{'A': 12}
B → C1 → A → C1,4,C1,True,29,1,28,96.55172413793103,18498783.0,637889.0689655172,{'C1': 13}
C1 → D → C2 → A,4,A,True,29,0,29,100.0,11903988.0,410482.3448275862,{'A': 1}
A → C1 → A → B,4,B,True,28,2,26,92.85714285714286,7445448.0,265908.85714285716,"{'B': 5, 'C1': 1, 'A': 1}"
C1 → E → B → C1,4,C1,True,27,0,27,100.0,5699178.0,211080.66666666666,{'C1': 27}
B → C1 → B → C2,4,C2,True,24,1,23,95.83333333333334,11460597.0,477524.875,"{'B': 2, 'C2': 3}"
A → B → A → B,4,B,True,24,1,23,95.83333333333334,1616512.0,67354.66666666667,{'B': 9}
A → C1 → E → C1,4,C1,True,23,0,23,100.0,38421128.0,1670483.8260869565,{'C1': 3}
E → A → B → A,4,A,True,22,1,21,95.45454545454545,6868037.0,312183.5,{'A': 22}
B → A → B → A,4,A,True,21,1,20,95.23809523809523,7706970.0,366998.5714285714,{'A': 4}
B → A → C1 → A,4,A,True,21,2,19,90.47619047619048,20729326.0,987110.7619047619,{'A': 15}
A → C1 → B → A,4,A,True,20,0,20,100.0,9185775.0,459288.75,{'A': 11}
D → A → B → A,4,A,True,19,0,19,100.0,7130190.0,375273.15789473685,{'A': 19}
C1 → B → C1 → D,4,D,True,19,1,18,94.73684210526315,3348777.0,176251.42105263157,{'D': 17}
B → D → C1 → B,4,B,True,19,0,19,100.0,3835506.0,201868.73684210525,{'B': 19}
B → C2 → B → A,4,A,True,17,1,16,94.11764705882352,1587099.0,93358.76470588235,{'A': 3}
C1 → A → E → B,4,B,True,17,0,17,100.0,130360321.0,7668254.176470588,{'B': 3}
C1 → A → C1 → E,4,E,True,17,0,17,100.0,5770336.0,339431.5294117647,{'E': 9}
C1 → B → E → C1,4,C1,True,16,0,16,100.0,4052312.0,253269.5,{'C1': 2}
C1 → E → C2 → B,4,B,True,16,0,16,100.0,5093416.0,318338.5,{'B': 16}
B → C2 → C1 → B,4,B,True,15,0,15,100.0,2821905.0,188127.0,{'B': 15}
C1 → B → C1 → C2,4,C2,True,13,0,13,100.0,2522143.0,194011.0,{'C2': 2}
C1 → C2 → C1 → A,4,A,True,12,0,12,100.0,2399099.0,199924.91666666666,{'A': 6}
B → C1 → E → B,4,B,True,12,0,12,100.0,2984383.0,248698.58333333334,{'B': 12}
A → C1 → B → C1,4,C1,True,12,0,12,100.0,2072223.0,172685.25,{'C1': 10}
D → E → D → C1,4,C1,True,11,1,10,90.9090909090909,9036086.0,821462.3636363636,{'C1': 4}
B → C1 → A → D,4,D,True,11,0,11,100.0,1108900.0,100809.09090909091,{'D': 10}
B → D → B → C1,4,C1,True,10,1,9,90.0,2665430.0,266543.0,{'C1': 3}
C1 → B → C1 → A,4,A,True,10,0,10,100.0,3483557.0,348355.7,{'A': 3}
D → B → E → D,4,D,True,10,1,9,90.0,2519908.0,251990.8,"{'B': 1, 'E': 1, 'D': 8}"
A → D → B → C1,4,C1,True,10,0,10,100.0,2028737.0,202873.7,{'C1': 5}
A → D → C1 → E,4,E,True,10,0,10,100.0,3956302.0,395630.2,{'E': 3}
E → C1 → A → B,4,B,True,10,1,9,90.0,3557661.0,355766.1,{'B': 1}
B → C1 → A → C2,4,C2,True,9,1,8,88.88888888888889,2124802.0,236089.11111111112,{'C2': 2}
C1 → A → C2 → C1,4,C1,True,9,0,9,100.0,1293620.0,143735.55555555556,{'C1': 3}
B → A → B → E,4,E,True,9,1,8,88.88888888888889,1817468.0,201940.88888888888,{'E': 9}
B → E → A → B,4,B,True,8,0,8,100.0,454900.0,56862.5,{'B': 8}
C1 → D → C1 → A,4,A,True,8,0,8,100.0,1284842.0,160605.25,{'A': 2}
C1 → D → B → A,4,A,True,8,0,8,100.0,525690.0,65711.25,{'A': 6}
C2 → A → C1 → B,4,B,True,8,1,7,87.5,3596624.0,449578.0,{'B': 7}
C2 → A → B → A,4,A,True,8,0,8,100.0,266302.0,33287.75,{'A': 7}
B → C1 → C2 → B,4,B,True,8,1,7,87.5,725096.0,90637.0,"{'C2': 3, 'B': 5}"
A → C2 → B → C1,4,C1,True,8,0,8,100.0,1661655.0,207706.875,{'C1': 8}
A → B → C2 → C1,4,C1,True,8,0,8,100.0,937107.0,117138.375,{'C1': 8}
B → A → C2 → C1,4,C1,True,7,0,7,100.0,8246815.0,1178116.4285714286,{'C1': 7}
B → E → B → C1,4,C1,True,7,0,7,100.0,1568700.0,224100.0,{'C1': 3}
C1 → D → E → B,4,B,True,7,0,7,100.0,562816.0,80402.28571428571,{'B': 7}
A → C1 → C2 → A,4,A,True,7,0,7,100.0,662686.0,94669.42857142857,{'A': 3}
C1 → D → B → C1,4,C1,True,7,0,7,100.0,943107.0,134729.57142857142,{'C1': 3}
C1 → A → E → A,4,A,True,6,1,5,83.33333333333334,4946880.0,824480.0,{'A': 2}
A → B → D → C1,4,C1,True,6,0,6,100.0,1260135.0,210022.5,{'C1': 1}
C2 → A → D → C1,4,C1,True,6,0,6,100.0,6099800.0,1016633.3333333334,"{'D': 3, 'C1': 3}"
A → C2 → E → A,4,A,True,6,0,6,100.0,6321708.0,1053618.0,{'A': 6}
C2 → E → A → B,4,B,True,6,0,6,100.0,1084800.0,180800.0,{'B': 6}
C1 → B → D → C1,4,C1,True,6,1,5,83.33333333333334,3606915.0,601152.5,{'C1': 6}
C2 → C1 → B → E,4,E,True,6,0,6,100.0,782143.0,130357.16666666667,{'E': 6}
C1 → D → A → B,4,B,True,5,0,5,100.0,1084910.0,216982.0,{'B': 5}
C1 → E → C1 → A,4,A,True,5,1,4,80.0,1638440.0,327688.0,{'A': 1}
C1 → A → C2 → A,4,A,True,5,0,5,100.0,854700.0,170940.0,{'A': 5}
B → C1 → D → B,4,B,True,5,0,5,100.0,8092767.0,1618553.4,{'B': 4}
C2 → B → C1 → A,4,A,True,5,0,5,100.0,652024.0,130404.8,{'A': 5}
C1 → B → C2 → A,4,A,True,5,0,5,100.0,1164000.0,232800.0,{'A': 4}
B → C1 → C2 → C1,4,C1,True,5,0,5,100.0,243190.0,48638.0,{'C1': 3}
D → C1 → B → C2,4,C2,True,5,0,5,100.0,678808.0,135761.6,{'C2': 5}
B → A → C2 → D,4,D,True,5,0,5,100.0,1471230.0,294246.0,{'D': 1}
E → B → E → C1,4,C1,True,5,0,5,100.0,1040130.0,208026.0,{'C1': 3}
A → E → A → B,4,B,True,5,0,5,100.0,195946.0,39189.2,{'B': 2}
E → B → C1 → A,4,A,True,4,1,3,75.0,240000.0,60000.0,{'A': 2}
C1 → E → B → A,4,A,True,4,0,4,100.0,1508374.0,377093.5,{'A': 3}
D → A → C1 → A,4,A,True,4,0,4,100.0,4961700.0,1240425.0,{'A': 2}
A → B → E → A,4,A,True,4,0,4,100.0,1312720.0,328180.0,{'A': 4}
E → C1 → B → A,4,A,True,4,0,4,100.0,200200.0,50050.0,{'A': 4}
B → A → C2 → B,4,B,True,4,0,4,100.0,45280.0,11320.0,{'B': 4}
D → B → C1 → B,4,B,True,4,1,3,75.0,60200.0,15050.0,{'B': 3}
A → C1 → E → B,4,B,True,4,0,4,100.0,80400.0,20100.0,{'B': 4}
C1 → C2 → B → E,4,E,True,4,0,4,100.0,991640.0,247910.0,{'E': 4}
C1 → C2 → D → C2,4,C2,True,3,0,3,100.0,72405.0,24135.0,{'C2': 3}
E → A → C2 → C1,4,C1,True,3,0,3,100.0,98080.0,32693.333333333332,{'C1': 1}
E → C1 → B → C1,4,C1,True,3,0,3,100.0,851800.0,283933.3333333333,{'C1': 1}
C1 → E → C1 → E,4,E,True,3,0,3,100.0,83160.0,27720.0,{'E': 3}
A → D → A → C1,4,C1,True,3,0,3,100.0,2481455.0,827151.6666666666,{'C1': 3}
E → A → B → C1,4,C1,True,2,0,2,100.0,0.0,0.0,{'C1': 1}
C2 → B → C1 → D,4,D,True,2,0,2,100.0,25520.0,12760.0,{'D': 2}
C1 → E → C1 → B,4,B,True,2,0,2,100.0,321071.0,160535.5,{'B': 2}
B → C1 → B → D,4,D,True,2,0,2,100.0,399995.0,199997.5,{'D': 1}
A → B → C1 → D,4,D,True,2,0,2,100.0,0.0,0.0,{'D': 2}
A → C1 → D → C1,4,C1,True,2,0,2,100.0,16000.0,8000.0,{'C1': 2}
D → C1 → B → C1,4,C1,True,2,0,2,100.0,220455.0,110227.5,{'C1': 2}
C2 → D → B → A,4,A,True,2,0,2,100.0,187800.0,93900.0,{'A': 2}
C2 → B → C1 → B,4,B,True,1,0,1,100.0,0.0,0.0,{'B': 1}
E → A → C1 → D,4,D,True,1,0,1,100.0,483600.0,483600.0,{'D': 1}
D → A → D → C1,4,C1,True,1,0,1,100.0,0.0,0.0,{'C1': 1}
C1 → D → A → C1,4,C1,True,1,0,1,100.0,59400.0,59400.0,{'C1': 1}
C1 → A → D → A,4,A,True,1,0,1,100.0,0.0,0.0,{'A': 1}
D → C1 → B → A,4,A,True,1,0,1,100.0,227370.0,227370.0,{'A': 1}
B → A → E → B,4,B,True,1,0,1,100.0,180000.0,180000.0,{'B': 1}
A → C2 → C1 → B,4,B,True,1,0,1,100.0,0.0,0.0,{'B': 1}
D → A → D → B,4,B,True,1,0,1,100.0,43800.0,43800.0,{'B': 1}
C2 → C1 → E → A,4,A,True,1,0,1,100.0,35200.0,35200.0,{'A': 1}
C1 → A → C1 → B → A,5,A,True,54,0,54,100.0,18622949.0,344869.4259259259,{'A': 25}
B → C1 → B → C1 → B,5,B,True,48,3,45,93.75,43752127.0,911502.6458333334,"{'B': 4, 'C1': 2}"
C1 → A → B → A → B,5,B,True,30,0,30,100.0,2797610.0,93253.66666666667,{'B': 22}
B → A → C1 → B → C2,5,C2,True,30,0,30,100.0,13778531.0,459284.36666666664,{'C2': 14}
C1 → D → C2 → A → C1,5,C1,True,28,0,28,100.0,11886388.0,424513.85714285716,{'C1': 27}
B → C1 → D → C1 → B,5,B,True,27,0,27,100.0,3889341.0,144049.66666666666,{'B': 17}
A → C1 → A → C1 → B,5,B,True,26,0,26,100.0,3306807.0,127184.88461538461,{'B': 5}
B → C1 → B → C1 → E,5,E,True,22,0,22,100.0,6844723.0,311123.7727272727,"{'C1': 13, 'E': 9}"
C1 → A → E → C1 → A,5,A,True,21,1,20,95.23809523809523,5992919.0,285377.09523809527,{'A': 6}
C1 → A → C1 → B → C1,5,C1,True,20,1,19,95.0,3944277.0,197213.85,{'C1': 4}
A → C1 → E → C1 → A,5,A,True,20,0,20,100.0,34004238.0,1700211.9,{'A': 15}
A → B → C1 → B → C1,5,C1,True,20,0,20,100.0,5371043.0,268552.15,{'C1': 20}
C1 → E → C2 → E → B,5,B,True,19,0,19,100.0,5589834.0,294201.7894736842,"{'C2': 3, 'E': 2}"
A → C1 → D → B → C1,5,C1,True,19,0,19,100.0,1971996.0,103789.26315789473,{'B': 1}
B → C1 → A → B → C1,5,C1,True,18,1,17,94.44444444444444,10147700.0,563761.1111111111,{'C1': 5}
C1 → B → C1 → B → A,5,A,True,16,0,16,100.0,5666569.0,354160.5625,{'A': 4}
C1 → B → A → D → A,5,A,True,15,0,15,100.0,3412719.0,227514.6,{'A': 2}
C1 → A → C1 → A → C1,5,C1,True,14,0,14,100.0,2261415.0,161529.64285714287,{'C1': 5}
B → C2 → B → A → C1,5,C1,True,13,0,13,100.0,1465999.0,112769.15384615384,{'C1': 12}
B → A → B → A → B,5,B,True,13,0,13,100.0,6467165.0,497474.23076923075,{'B': 7}
B → C1 → B → C2 → A,5,A,True,13,0,13,100.0,7022615.0,540201.1538461539,{'A': 5}
A → B → C1 → A → D,5,D,True,12,1,11,91.66666666666666,7578368.0,631530.6666666666,{'D': 12}
A → B → C1 → A → C1,5,C1,True,11,0,11,100.0,1767895.0,160717.72727272726,{'C1': 1}
C1 → A → B → C2 → B,5,B,True,11,1,10,90.9090909090909,1424376.0,129488.72727272728,{'B': 11}
C1 → B → C1 → C2 → B,5,B,True,11,0,11,100.0,2499103.0,227191.18181818182,{'B': 2}
A → B → A → C1 → B,5,B,True,11,0,11,100.0,2117915.0,192537.72727272726,{'B': 5}
C1 → A → B → C1 → A,5,A,True,11,0,11,100.0,3096010.0,281455.45454545453,{'A': 3}
B → C1 → A → C1 → A,5,A,True,10,0,10,100.0,8616330.0,861633.0,"{'A': 8, 'C1': 2}"
A → C2 → A → B → C1,5,C1,True,10,0,10,100.0,1668583.0,166858.3,{'C1': 7}
A → B → A → C1 → A,5,A,True,10,0,10,100.0,387750.0,38775.0,{'A': 10}
C1 → A → B → C1 → B,5,B,True,10,0,10,100.0,2210973.0,221097.3,{'B': 2}
C1 → B → A → B → C1,5,C1,True,9,0,9,100.0,11653955.0,1294883.888888889,{'C1': 8}
B → A → B → C1 → A,5,A,True,9,1,8,88.88888888888889,875090.0,97232.22222222222,{'A': 7}
B → C1 → D → A → C1,5,C1,True,9,0,9,100.0,3484966.0,387218.44444444444,{'C1': 1}
B → C1 → D → C1 → D,5,D,True,9,1,8,88.88888888888889,3471701.0,385744.55555555556,{'D': 2}
A → B → C1 → B → A,5,A,True,8,1,7,87.5,1627160.0,203395.0,"{'A': 6, 'B': 2}"
B → C1 → B → A → B,5,B,True,8,0,8,100.0,5630766.0,703845.75,{'B': 8}
C1 → B → C1 → E → C1,5,C1,True,8,0,8,100.0,2236143.0,279517.875,"{'C1': 5, 'E': 3}"
E → C2 → A → C1 → B,5,B,True,8,0,8,100.0,1251389.0,156423.625,{'B': 8}
C1 → A → C1 → E → B,5,B,True,8,0,8,100.0,2501411.0,312676.375,{'B': 8}
E → C2 → B → C1 → E,5,E,True,7,1,6,85.71428571428571,26114058.0,3730579.714285714,{'E': 7}
C1 → C2 → C1 → A → C1,5,C1,True,6,0,6,100.0,1575899.0,262649.8333333333,{'C1': 2}
B → C1 → A → C1 → B,5,B,True,6,0,6,100.0,2460365.0,410060.8333333333,{'B': 3}
C1 → A → C2 → C1 → B,5,B,True,6,0,6,100.0,166820.0,27803.333333333332,{'B': 6}
B → C1 → B → C2 → C1,5,C1,True,6,0,6,100.0,3397857.0,566309.5,{'C1': 6}
A → E → C1 → D → A,5,A,True,6,0,6,100.0,922160.0,153693.33333333334,{'A': 6}
C1 → B → A → C2 → C1,5,C1,True,6,0,6,100.0,4806030.0,801005.0,{'C1': 6}
E → C1 → A → B → C1,5,C1,True,6,0,6,100.0,627461.0,104576.83333333333,{'C1': 6}
A → B → A → C1 → C2,5,C2,True,6,0,6,100.0,103650.0,17275.0,{'C2': 2}
A → B → A → E → C1,5,C1,True,5,0,5,100.0,360817.0,72163.4,{'C1': 5}
A → B → D → C1 → B,5,B,True,5,0,5,100.0,1172135.0,234427.0,{'B': 1}
C1 → B → C1 → A → B,5,B,True,5,0,5,100.0,333920.0,66784.0,{'B': 1}
E → B → A → D → C1,5,C1,True,5,1,4,80.0,166400.0,33280.0,"{'D': 4, 'C1': 1}"
C1 → B → A → C1 → A,5,A,True,5,0,5,100.0,315683.0,63136.6,{'A': 5}
A → D → B → C1 → B,5,B,True,5,0,5,100.0,189600.0,37920.0,{'B': 5}
A → C1 → B → A → B,5,B,True,5,0,5,100.0,904100.0,180820.0,{'B': 3}
B → E → B → C1 → A,5,A,True,4,0,4,100.0,756288.0,189072.0,{'A': 4}
C1 → E → C1 → A → B,5,B,True,4,0,4,100.0,1348620.0,337155.0,{'B': 4}
D → B → C1 → A → B,5,B,True,4,0,4,100.0,1587884.0,396971.0,{'B': 4}
B → A → B → A → C1,5,C1,True,4,0,4,100.0,399000.0,99750.0,{'C1': 1}
A → B → C1 → B → D,5,D,True,4,0,4,100.0,226942.0,56735.5,{'D': 1}
A → C1 → C2 → A → B,5,B,True,4,0,4,100.0,393086.0,98271.5,{'B': 4}
C1 → D → B → C1 → B,5,B,True,4,0,4,100.0,252845.0,63211.25,{'B': 1}
D → C1 → A → B → C1,5,C1,True,4,0,4,100.0,1037068.0,259267.0,"{'C1': 1, 'B': 1}"
A → C1 → B → A → C1,5,C1,True,4,0,4,100.0,873045.0,218261.25,{'C1': 3}
C1 → A → C1 → A → B,5,B,True,3,0,3,100.0,645636.0,215212.0,{'B': 3}
C1 → D → C1 → A → B,5,B,True,3,0,3,100.0,292050.0,97350.0,{'B': 3}
B → A → B → D → A,5,A,True,3,0,3,100.0,517523.0,172507.66666666666,{'A': 2}
A → B → A → B → C1,5,C1,True,3,0,3,100.0,296000.0,98666.66666666667,{'C1': 1}
A → E → A → B → C1,5,C1,True,3,0,3,100.0,75946.0,25315.333333333332,{'C1': 3}
C1 → A → B → A → C2,5,C2,True,2,0,2,100.0,253440.0,126720.0,{'C2': 2}
A → C1 → E → A → C1,5,C1,True,2,0,2,100.0,61200.0,30600.0,{'C1': 2}
C1 → D → B → A → B,5,B,True,2,0,2,100.0,33100.0,16550.0,{'B': 1}
C1 → C2 → A → B → C1,5,C1,True,2,0,2,100.0,1343400.0,671700.0,{'C1': 1}
C1 → B → C1 → A → D,5,D,True,2,0,2,100.0,2375737.0,1187868.5,{'D': 1}
D → A → C1 → A → D,5,D,True,2,0,2,100.0,1426500.0,713250.0,{'D': 2}
E → A → C2 → C1 → B,5,B,True,2,0,2,100.0,69040.0,34520.0,{'B': 2}
B → C1 → C2 → C1 → B,5,B,True,2,0,2,100.0,22300.0,11150.0,{'B': 2}
D → A → B → C1 → A,5,A,True,2,0,2,100.0,51975.0,25987.5,{'A': 2}
A → C1 → A → C2 → C1,5,C1,True,2,0,2,100.0,808180.0,404090.0,{'C1': 2}
C1 → A → B → A → C1,5,C1,True,2,0,2,100.0,176000.0,88000.0,{'C1': 2}
C2 → E → C1 → A → C1,5,C1,True,2,0,2,100.0,45325.0,22662.5,{'C1': 2}
A → C1 → A → B → C2,5,C2,True,2,0,2,100.0,37200.0,18600.0,{'C2': 2}
E → B → E → C1 → A,5,A,True,2,0,2,100.0,19500.0,9750.0,{'A': 2}
E → A → B → C1 → B,5,B,True,1,0,1,100.0,0.0,0.0,{'B': 1}
B → C1 → D → B → A,5,A,True,1,0,1,100.0,1675527.0,1675527.0,{'A': 1}
C1 → B → C2 → A → B,5,B,True,1,0,1,100.0,0.0,0.0,{'B': 1}
C2 → A → C1 → B → C1,5,C1,True,1,0,1,100.0,1137756.0,1137756.0,{'C1': 1}
C2 → A → B → A → B,5,B,True,1,0,1,100.0,123380.0,123380.0,{'B': 1}
B → C1 → B → D → C1,5,C1,True,1,0,1,100.0,0.0,0.0,{'C1': 1}
C1 → A → B → A → D,5,D,True,1,0,1,100.0,67760.0,67760.0,{'D': 1}
B → C1 → A → D → A,5,A,True,1,0,1,100.0,216700.0,216700.0,{'A': 1}
B → C1 → B → C1 → B → D,6,D,True,31,0,31,100.0,38957378.0,1256689.6129032257,{'D': 3}
C1 → A → C1 → B → A → B,6,B,True,29,0,29,100.0,7812709.0,269403.7586206897,{'B': 23}
A → C1 → D → B → C1 → C2,6,C2,True,18,0,18,100.0,1476996.0,82055.33333333333,{'C2': 18}
C1 → A → E → C1 → A → B,6,B,True,15,0,15,100.0,4495426.0,299695.06666666665,{'B': 1}
C1 → A → E → B → A → C1,6,C1,True,14,0,14,100.0,129475683.0,9248263.07142857,{'C1': 14}
C1 → A → C1 → B → C1 → B,6,B,True,14,0,14,100.0,3818577.0,272755.5,{'B': 3}
C1 → E → C2 → E → B → E,6,E,True,14,0,14,100.0,4847730.0,346266.4285714286,{'E': 2}
A → D → C1 → B → C1 → B,6,B,True,13,1,12,92.3076923076923,1067072.0,82082.46153846153,{'B': 3}
C1 → B → A → D → A → C1,6,C1,True,13,0,13,100.0,2594659.0,199589.15384615384,{'C1': 7}
B → C1 → A → B → C1 → A,6,A,True,13,1,12,92.3076923076923,8220900.0,632376.9230769231,{'A': 5}
C1 → B → C1 → B → A → C1,6,C1,True,12,0,12,100.0,3932657.0,327721.4166666667,{'C1': 5}
C1 → C2 → C1 → B → C1 → A,6,A,True,12,1,11,91.66666666666666,858327.0,71527.25,{'A': 1}
B → A → C1 → B → C1 → B,6,B,True,12,1,11,91.66666666666666,8184001.0,682000.0833333334,{'B': 1}
A → B → C1 → A → C1 → B,6,B,True,10,0,10,100.0,1767895.0,176789.5,{'B': 3}
C1 → B → C1 → C2 → B → C1,6,C1,True,9,0,9,100.0,2147937.0,238659.66666666666,{'C1': 9}
C2 → C1 → A → E → A → C1,6,C1,True,9,0,9,100.0,2065736.0,229526.22222222222,{'C1': 4}
C1 → A → B → A → B → A,6,A,True,8,0,8,100.0,560160.0,70020.0,{'A': 2}
B → C1 → B → C2 → A → B,6,B,True,8,0,8,100.0,4707765.0,588470.625,{'B': 8}
C1 → A → B → C1 → A → B,6,B,True,8,0,8,100.0,1562145.0,195268.125,{'B': 8}
A → C1 → A → C1 → B → C1,6,C1,True,8,0,8,100.0,976010.0,122001.25,{'C1': 1}
C1 → B → A → B → A → B,6,B,True,7,0,7,100.0,12756027.0,1822289.5714285714,{'B': 6}
B → C1 → D → C1 → D → C1,6,C1,True,7,0,7,100.0,2764368.0,394909.71428571426,{'C1': 2}
B → C1 → B → C1 → B → A,6,A,True,7,1,6,85.71428571428571,614558.0,87794.0,{'A': 2}
B → C2 → C1 → A → B → A,6,A,True,6,0,6,100.0,1162597.0,193766.16666666666,{'A': 6}
B → C1 → D → C1 → B → A,6,A,True,6,0,6,100.0,923814.0,153969.0,{'A': 1}
A → B → A → C1 → B → C1,6,C1,True,6,0,6,100.0,108325.0,18054.166666666668,{'C1': 2}
C1 → A → B → C1 → B → C1,6,C1,True,6,0,6,100.0,1470435.0,245072.5,{'C1': 1}
E → C1 → C2 → C1 → B → A,6,A,True,6,1,5,83.33333333333334,1789022.0,298170.3333333333,{'A': 1}
B → A → B → A → B → A,6,A,True,6,0,6,100.0,279410.0,46568.333333333336,{'A': 6}
C1 → D → C1 → B → C1 → B,6,B,True,5,0,5,100.0,1676913.0,335382.6,{'B': 5}
A → C1 → E → C1 → A → C1,6,C1,True,5,0,5,100.0,223600.0,44720.0,{'C1': 5}
A → B → D → C1 → B → A,6,A,True,4,0,4,100.0,1140120.0,285030.0,{'A': 1}
C1 → B → C1 → A → B → A,6,A,True,4,0,4,100.0,333920.0,83480.0,{'A': 2}
B → C1 → B → C1 → B → C1,6,C1,True,4,0,4,100.0,1387253.0,346813.25,{'C1': 4}
C1 → A → E → A → B → C1,6,C1,True,4,0,4,100.0,4858880.0,1214720.0,{'C1': 2}
A → C1 → B → C2 → C1 → A,6,A,True,4,0,4,100.0,144520.0,36130.0,{'A': 1}
B → C1 → D → C1 → B → C1,6,C1,True,4,0,4,100.0,66000.0,16500.0,{'C1': 1}
C1 → C2 → C1 → A → C1 → A,6,A,True,4,0,4,100.0,528034.0,132008.5,{'A': 1}
B → A → C2 → D → C1 → A,6,A,True,4,0,4,100.0,1471230.0,367807.5,{'A': 2}
A → C2 → A → B → C1 → A,6,A,True,3,0,3,100.0,221920.0,73973.33333333333,{'A': 1}
B → C1 → A → C1 → B → C2,6,C2,True,3,0,3,100.0,963599.0,321199.6666666667,{'C2': 3}
A → B → C1 → B → D → B,6,B,True,3,0,3,100.0,200542.0,66847.33333333333,{'B': 3}
A → C1 → A → C1 → A → B,6,B,True,3,0,3,100.0,66870.0,22290.0,{'B': 3}
C1 → D → B → C1 → B → C1,6,C1,True,3,0,3,100.0,240470.0,80156.66666666667,{'C1': 1}
C1 → A → C1 → A → C1 → B,6,B,True,3,0,3,100.0,154200.0,51400.0,{'B': 3}
E → B → C1 → A → B → C1,6,C1,True,2,0,2,100.0,0.0,0.0,{'C1': 2}
C1 → A → C1 → B → C1 → A,6,A,True,2,0,2,100.0,104830.0,52415.0,{'A': 1}
B → A → C1 → A → B → C1,6,C1,True,2,0,2,100.0,160000.0,80000.0,{'C1': 2}
E → C1 → C2 → B → C1 → B,6,B,True,2,0,2,100.0,270400.0,135200.0,{'B': 2}
A → B → A → B → C1 → A,6,A,True,2,0,2,100.0,296000.0,148000.0,{'A': 2}
B → A → C1 → B → E → B,6,B,True,2,0,2,100.0,3154290.0,1577145.0,{'B': 2}
E → C1 → B → C1 → A → B,6,B,True,2,0,2,100.0,779800.0,389900.0,{'B': 2}
B → A → B → C1 → A → B,6,B,True,2,0,2,100.0,2490.0,1245.0,{'B': 1}
C1 → E → B → A → C2 → E,6,E,True,1,0,1,100.0,1297480.0,1297480.0,{'C2': 1}
C1 → D → B → A → B → D,6,D,True,1,0,1,100.0,6550.0,6550.0,{'D': 1}
C1 → B → C1 → A → D → C1,6,C1,True,1,0,1,100.0,2359237.0,2359237.0,{'C1': 1}
C1 → D → C2 → A → C1 → D,6,D,True,1,0,1,100.0,38140.0,38140.0,{'D': 1}
C1 → B → A → B → C1 → B,6,B,True,1,0,1,100.0,144320.0,144320.0,{'B': 1}
C1 → A → C1 → B → C2 → A,6,A,True,1,0,1,100.0,301896.0,301896.0,{'A': 1}
B → A → B → D → A → D,6,D,True,1,0,1,100.0,121767.0,121767.0,{'D': 1}
B → A → C1 → B → C2 → C1 → B,7,B,True,16,0,16,100.0,6041535.0,377595.9375,"{'C1': 1, 'B': 8, 'A': 7}"
C1 → B → E → C1 → B → D → A,7,A,True,14,0,14,100.0,3946712.0,281908.0,{'A': 1}
C1 → A → E → C1 → A → B → A,7,A,True,14,0,14,100.0,4391426.0,313673.28571428574,{'A': 2}
B → A → B → C1 → B → A → C1,7,C1,True,12,0,12,100.0,1067293.0,88941.08333333333,{'C1': 2}
A → C1 → A → C1 → B → C2 → B,7,B,True,10,0,10,100.0,1639357.0,163935.7,{'B': 8}
B → C1 → D → A → C1 → A → B,7,B,True,8,0,8,100.0,3484966.0,435620.75,{'B': 8}
C1 → D → C1 → D → C1 → C2 → B,7,B,True,8,1,7,87.5,934519.0,116814.875,{'B': 2}
B → C1 → A → B → C1 → A → C1,7,C1,True,8,0,8,100.0,4443370.0,555421.25,{'C1': 5}
B → D → B → C1 → A → C1 → B,7,B,True,7,1,6,85.71428571428571,2506530.0,358075.71428571426,{'B': 4}
A → C1 → A → C1 → B → C1 → B,7,B,True,7,0,7,100.0,395810.0,56544.28571428572,{'B': 1}
B → A → B → C2 → A → C1 → A,7,A,True,7,0,7,100.0,1287713.0,183959.0,{'A': 6}
C1 → A → B → A → B → A → B,7,B,True,6,0,6,100.0,536160.0,89360.0,{'B': 1}
C1 → A → C1 → B → A → B → D,7,D,True,6,0,6,100.0,190525.0,31754.166666666668,{'D': 6}
B → C1 → D → C1 → D → C1 → A,7,A,True,5,0,5,100.0,2625635.0,525127.0,{'A': 1}
B → C1 → D → C1 → B → A → B,7,B,True,5,0,5,100.0,863425.0,172685.0,{'B': 5}
C1 → A → B → C1 → B → C1 → B,7,B,True,5,0,5,100.0,1458048.0,291609.6,{'B': 5}
E → C1 → C2 → C1 → B → A → C1,7,C1,True,5,0,5,100.0,1626102.0,325220.4,{'C1': 5}
C1 → A → D → B → C1 → B → C1,7,C1,True,5,1,4,80.0,3415915.0,683183.0,{'C1': 4}
C1 → A → B → D → A → D → A,7,A,True,4,0,4,100.0,311238.0,77809.5,{'A': 4}
C1 → B → C1 → B → A → C1 → C2,7,C2,True,4,0,4,100.0,616000.0,154000.0,{'C2': 2}
B → A → C1 → A → C1 → B → C1,7,C1,True,4,0,4,100.0,644714.0,161178.5,{'C1': 4}
B → C1 → B → C1 → B → A → E,7,E,True,4,0,4,100.0,199380.0,49845.0,{'E': 4}
B → D → B → C2 → C1 → B → A,7,A,True,4,1,3,75.0,305359.0,76339.75,{'A': 4}
A → B → A → C1 → B → C1 → D,7,D,True,4,0,4,100.0,108325.0,27081.25,{'D': 2}
A → B → A → C1 → C2 → B → D,7,D,True,4,0,4,100.0,84050.0,21012.5,{'D': 2}
A → C1 → A → C1 → B → A → B,7,B,True,3,0,3,100.0,444000.0,148000.0,{'B': 3}
C1 → B → C1 → B → A → C1 → A,7,A,True,3,0,3,100.0,742500.0,247500.0,{'A': 1}
A → C1 → B → C2 → C1 → A → B,7,B,True,3,0,3,100.0,122520.0,40840.0,{'B': 3}
C1 → C2 → C1 → A → C1 → A → B,7,B,True,3,0,3,100.0,256852.0,85617.33333333333,{'B': 3}
C1 → D → C1 → A → D → C1 → A,7,A,True,3,0,3,100.0,513400.0,171133.33333333334,{'A': 1}
A → C1 → A → B → C1 → A → C1,7,C1,True,2,0,2,100.0,58500.0,29250.0,"{'C1': 1, 'B': 1}"
A → C2 → A → B → C1 → A → B,7,B,True,2,0,2,100.0,20400.0,10200.0,{'B': 1}
C1 → A → E → A → B → C1 → A,7,A,True,2,0,2,100.0,2121280.0,1060640.0,{'A': 1}
C1 → A → B → C1 → B → A → B,7,B,True,2,0,2,100.0,46800.0,23400.0,{'B': 2}
C1 → B → C1 → A → B → A → C1,7,C1,True,2,0,2,100.0,20400.0,10200.0,{'C1': 1}
B → A → C2 → D → C1 → A → C1,7,C1,True,2,0,2,100.0,1247500.0,623750.0,{'C1': 2}
D → C1 → A → B → C1 → B → A,7,A,True,2,0,2,100.0,25520.0,12760.0,{'A': 2}
A → C1 → B → A → B → C1 → B,7,B,True,2,0,2,100.0,166000.0,83000.0,{'B': 2}
C1 → B → A → B → A → B → A,7,A,True,1,0,1,100.0,476200.0,476200.0,{'A': 1}
C1 → C2 → A → B → C1 → B → C1,7,C1,True,1,0,1,100.0,240000.0,240000.0,{'C1': 1}
C1 → A → C1 → B → C1 → A → B,7,B,True,1,0,1,100.0,3960.0,3960.0,{'B': 1}
B → A → B → C1 → A → B → C2,7,C2,True,1,0,1,100.0,1245.0,1245.0,{'C2': 1}
A → C1 → B → A → C1 → A → E,7,E,True,1,0,1,100.0,5940.0,5940.0,{'E': 1}
A → C1 → A → B → A → C1 → B → C1,8,C1,True,17,0,17,100.0,6187848.0,363991.0588235294,{'C1': 4}
C1 → B → A → B → A → C2 → C1 → B,8,B,True,15,0,15,100.0,1722080.0,114805.33333333333,{'B': 2}
C1 → A → E → C1 → A → B → A → B,8,B,True,12,0,12,100.0,4263386.0,355282.1666666667,{'B': 4}
A → B → A → B → A → B → C1 → A,8,A,True,12,1,11,91.66666666666666,1001526.0,83460.5,"{'A': 4, 'C1': 1, 'B': 1}"
C1 → E → C2 → E → B → E → C1 → A,8,A,True,12,0,12,100.0,4807850.0,400654.1666666667,{'A': 2}
B → C1 → B → A → C1 → B → D → E,8,E,True,12,1,11,91.66666666666666,7243935.0,603661.25,"{'B': 4, 'E': 1, 'C1': 1, 'A': 1}"
A → D → C1 → B → C1 → B → D → B,8,B,True,10,0,10,100.0,801600.0,80160.0,{'B': 9}
B → A → B → C1 → B → A → C1 → A,8,A,True,10,0,10,100.0,520893.0,52089.3,{'A': 7}
A → D → C1 → E → A → C1 → B → C1,8,C1,True,7,0,7,100.0,3880302.0,554328.8571428572,{'C1': 7}
C1 → A → C1 → A → C1 → C2 → C1 → A,8,A,True,6,0,6,100.0,473800.0,78966.66666666667,{'A': 5}
C1 → B → A → D → A → C1 → A → C1,8,C1,True,6,0,6,100.0,789208.0,131534.66666666666,{'C1': 1}
A → C1 → A → C1 → B → C1 → B → A,8,A,True,6,0,6,100.0,329810.0,54968.333333333336,{'A': 6}
C1 → A → B → A → B → A → B → D,8,D,True,5,0,5,100.0,420160.0,84032.0,{'D': 3}
B → C1 → D → C1 → D → C1 → A → B,8,B,True,4,0,4,100.0,1120380.0,280095.0,{'B': 2}
B → A → B → A → C1 → A → C2 → C1,8,C1,True,3,0,3,100.0,348334.0,116111.33333333333,{'C1': 2}
B → C1 → A → B → C1 → A → C1 → D,8,D,True,3,0,3,100.0,1062280.0,354093.3333333333,{'D': 3}
B → C1 → D → C1 → B → C1 → E → C1,8,C1,True,3,0,3,100.0,66000.0,22000.0,{'C1': 1}
B → D → B → C1 → A → C1 → B → C1,8,C1,True,3,0,3,100.0,1246050.0,415350.0,{'C1': 1}
C1 → B → C1 → B → A → C1 → C2 → C1,8,C1,True,2,0,2,100.0,296000.0,148000.0,{'C1': 1}
A → C1 → A → C1 → B → C2 → B → A,8,A,True,2,0,2,100.0,33297.0,16648.5,{'A': 2}
A → B → A → C1 → B → C1 → D → B,8,B,True,2,0,2,100.0,45325.0,22662.5,{'B': 2}
C1 → B → C1 → B → A → C1 → A → C1,8,C1,True,2,0,2,100.0,0.0,0.0,{'C1': 1}
C1 → D → C1 → A → D → C1 → A → B,8,B,True,2,0,2,100.0,513400.0,256700.0,{'B': 1}
A → B → A → C1 → C2 → B → D → A,8,A,True,2,0,2,100.0,64450.0,32225.0,{'A': 2}
A → C2 → A → B → C1 → A → B → A,8,A,True,1,0,1,100.0,0.0,0.0,{'A': 1}
C1 → A → E → A → B → C1 → A → C1,8,C1,True,1,0,1,100.0,2076730.0,2076730.0,{'C1': 1}
B → C1 → B → C1 → B → A → B → C1,8,C1,True,1,0,1,100.0,134960.0,134960.0,{'C1': 1}
C1 → A → D → B → C1 → B → C1 → A,8,A,True,1,0,1,100.0,756315.0,756315.0,{'A': 1}
C1 → B → C1 → A → B → A → C1 → C2,8,C2,True,1,0,1,100.0,0.0,0.0,{'C2': 1}
B → C1 → B → C1 → B → D → A → E → A,9,A,True,28,0,28,100.0,38320078.0,1368574.2142857143,{'A': 2}
C1 → B → A → B → A → C2 → C1 → B → A,9,A,True,13,0,13,100.0,1094310.0,84177.69230769231,{'A': 5}
B → A → C1 → B → C1 → B → C1 → B → C1,9,C1,True,11,0,11,100.0,7816601.0,710600.0909090909,{'C1': 9}
C1 → E → C2 → E → B → E → C1 → A → C2,9,C2,True,10,0,10,100.0,4687850.0,468785.0,{'C2': 10}
C1 → A → E → C1 → A → B → A → B → A,9,A,True,8,0,8,100.0,1047371.0,130921.375,{'A': 8}
B → C1 → A → C2 → D → C1 → A → C1 → E,9,E,True,7,1,6,85.71428571428571,1865832.0,266547.4285714286,{'E': 7}
A → B → C1 → A → C1 → B → C1 → A → D,9,D,True,7,0,7,100.0,1298151.0,185450.14285714287,{'D': 7}
A → B → A → B → A → B → C1 → A → C1,9,C1,True,6,0,6,100.0,639385.0,106564.16666666667,{'C1': 6}
C2 → C1 → A → E → A → C1 → A → C1 → B,9,B,True,5,0,5,100.0,1556936.0,311387.2,{'B': 5}
C1 → B → A → D → A → C1 → A → C1 → A,9,A,True,5,0,5,100.0,239788.0,47957.6,{'A': 4}
B → C1 → B → A → C1 → B → D → E → A,9,A,True,5,0,5,100.0,1736770.0,347354.0,{'A': 2}
C1 → A → C1 → B → C1 → B → C1 → A → C1,9,C1,True,3,0,3,100.0,93500.0,31166.666666666668,{'C1': 1}
B → A → B → C1 → B → A → C1 → A → D,9,D,True,3,0,3,100.0,184800.0,61600.0,{'D': 3}
B → C1 → D → C1 → D → C1 → A → B → D,9,D,True,2,0,2,100.0,168000.0,84000.0,{'D': 2}
B → C1 → D → C1 → B → C1 → E → C1 → B,9,B,True,2,0,2,100.0,66000.0,33000.0,{'B': 2}
C1 → A → B → A → B → A → B → D → C1,9,C1,True,2,0,2,100.0,141600.0,70800.0,{'C1': 2}
C1 → D → B → C1 → B → C1 → D → C1 → B,9,B,True,2,0,2,100.0,56870.0,28435.0,{'B': 2}
B → D → B → C1 → A → C1 → B → C1 → A,9,A,True,2,0,2,100.0,996840.0,498420.0,{'A': 2}
B → C2 → B → A → C1 → A → C1 → B → C1,9,C1,True,1,0,1,100.0,0.0,0.0,{'C1': 1}
A → D → C1 → B → C1 → B → D → B → A,9,A,True,1,0,1,100.0,0.0,0.0,{'A': 1}
C1 → B → C1 → B → A → C1 → C2 → C1 → A,9,A,True,1,0,1,100.0,150000.0,150000.0,{'A': 1}
B → A → B → A → C1 → A → C2 → C1 → B,9,B,True,1,0,1,100.0,116667.0,116667.0,{'B': 1}
C1 → B → C1 → B → A → C1 → A → C1 → A,9,A,True,1,0,1,100.0,0.0,0.0,{'A': 1}
A → B → D → B → A → B → A → B → A → B,10,B,True,10,0,10,100.0,933102.0,93310.2,{'B': 2}
C1 → B → A → B → A → C2 → C1 → B → A → C1,10,C1,True,8,0,8,100.0,439610.0,54951.25,{'C1': 4}
C1 → A → C1 → B → C1 → B → C1 → C2 → B → C1,10,C1,True,8,0,8,100.0,3530093.0,441261.625,{'C1': 8}
D → E → D → C1 → B → C2 → C1 → B → E → A,10,A,True,7,0,7,100.0,6839815.0,977116.4285714285,{'A': 2}
A → C1 → B → C1 → B → A → B → C1 → B → C1,10,C1,True,2,0,2,100.0,62880.0,31440.0,{'C1': 2}
C1 → A → C1 → B → C1 → B → C1 → A → C1 → A,10,A,True,2,0,2,100.0,93500.0,46750.0,{'A': 1}
B → A → D → C1 → A → C2 → A → D → A → C1,10,C1,True,2,0,2,100.0,2358675.0,1179337.5,{'C1': 1}
C1 → A → C1 → A → C1 → C2 → C1 → A → B → A,10,A,True,1,0,1,100.0,65000.0,65000.0,{'A': 1}
C1 → B → A → D → A → C1 → A → C1 → A → C1,10,C1,True,1,0,1,100.0,118800.0,118800.0,{'C1': 1}
B → C2 → B → A → C2 → B → C1 → B → C1 → B,10,B,True,1,0,1,100.0,24000.0,24000.0,{'B': 1}
C1 → B → A → C2 → A → B → D → A → C1 → A,10,A,True,1,0,1,100.0,64680.0,64680.0,{'A': 1}
C1 → D → C1 → A → D → C1 → A → B → C1 → A,10,A,True,1,0,1,100.0,37400.0,37400.0,{'A': 1}
B → A → B → C2 → A → C1 → A → C1 → D → A,10,A,True,1,0,1,100.0,209898.0,209898.0,{'A': 1}
C1 → D → C1 → D → C1 → C2 → B → A → B → C1 → A,11,A,True,6,0,6,100.0,732919.0,122153.16666666667,{'A': 1}
D → E → D → C1 → B → C2 → C1 → B → E → A → C1,11,C1,True,5,0,5,100.0,3814615.0,762923.0,{'C1': 5}
C1 → B → A → B → A → C2 → C1 → B → A → C1 → A,11,A,True,4,0,4,100.0,265860.0,66465.0,{'A': 1}
B → C1 → B → A → C1 → B → D → E → A → C1 → A,11,A,True,3,0,3,100.0,60000.0,20000.0,{'A': 3}
A → C1 → A → B → A → C1 → B → C1 → B → A → B → A,12,A,True,13,0,13,100.0,5536548.0,425888.3076923077,{'A': 10}
C1 → B → E → C1 → B → D → A → C1 → A → B → C1 → C2,12,C2,True,13,0,13,100.0,3719596.0,286122.76923076925,{'C2': 1}
A → B → D → B → A → B → A → B → A → B → E → B,12,B,True,8,0,8,100.0,828330.0,103541.25,{'B': 7}
A → B → D → C1 → B → A → B → D → A → D → C1 → A,12,A,True,3,0,3,100.0,845720.0,281906.6666666667,{'A': 3}
C1 → B → A → B → A → C2 → C1 → B → A → C1 → A → C1,12,C1,True,3,0,3,100.0,213860.0,71286.66666666667,{'C1': 3}
B → A → C1 → B → C1 → B → C1 → B → C1 → D → C1 → C2,12,C2,True,2,0,2,100.0,2007998.0,1003999.0,{'C2': 2}
C1 → A → C1 → B → C1 → B → C1 → A → C1 → A → B → A,12,A,True,1,0,1,100.0,0.0,0.0,{'A': 1}
C1 → B → E → C1 → B → D → A → C1 → A → B → C1 → C2 → B,13,B,True,12,0,12,100.0,3699596.0,308299.6666666667,{'B': 1}
C1 → D → C1 → D → C1 → C2 → B → A → B → C1 → A → C1 → A,13,A,True,5,0,5,100.0,478119.0,95623.8,{'A': 2}
A → C1 → A → B → A → C1 → B → C1 → B → A → B → A → C1,13,C1,True,3,0,3,100.0,46614.0,15538.0,{'C1': 2}
B → A → D → C1 → A → C2 → A → D → A → C1 → A → B → C1,13,C1,True,1,0,1,100.0,0.0,0.0,{'C1': 1}
A → B → D → B → A → B → A → B → A → B → E → B → C1,13,C1,True,1,0,1,100.0,49500.0,49500.0,{'C1': 1}
C1 → B → D → A → B → D → B → C1 → A → B → A → C1 → C2,13,C2,True,1,0,1,100.0,2970.0,2970.0,{'C1': 1}
C1 → B → E → C1 → B → D → A → C1 → A → B → C1 → C2 → B → C2,14,C2,True,11,0,11,100.0,3639756.0,330886.9090909091,{'C2': 11}
C1 → D → C1 → D → C1 → C2 → B → A → B → C1 → A → C1 → A → D,14,D,True,3,0,3,100.0,168600.0,56200.0,{'D': 2}
A → C1 → A → B → A → C1 → B → C1 → B → A → B → A → C1 → B,14,B,True,1,0,1,100.0,0.0,0.0,{'B': 1}
C1 → C2 → C1 → B → C1 → A → C1 → A → D → C1 → B → A → C1 → B → A,15,A,True,11,0,11,100.0,828327.0,75302.45454545454,{'A': 1}
C1 → D → C1 → D → C1 → C2 → B → A → B → C1 → A → C1 → A → D → C2,15,C2,True,1,0,1,100.0,29600.0,29600.0,{'C2': 1}
C1 → C2 → C1 → B → C1 → A → C1 → A → D → C1 → B → A → C1 → B → A → D,16,D,True,10,0,10,100.0,745460.0,74546.0,{'D': 1}
B → C1 → B → C1 → B → D → A → E → A → B → A → B → A → C1 → A → E → A,17,A,True,26,0,26,100.0,38252238.0,1471239.923076923,{'A': 4}
B → C1 → B → C1 → B → D → A → E → A → B → A → B → A → C1 → A → E → A → B,18,B,True,22,0,22,100.0,36077923.0,1639905.5909090908,"{'B': 1, 'A': 1}"
C1 → C2 → C1 → B → C1 → A → C1 → A → D → C1 → B → A → C1 → B → A → D → A → D → A,19,A,True,9,0,9,100.0,740660.0,82295.55555555556,{'A': 9}
B → C1 → B → C1 → B → D → A → E → A → B → A → B → A → C1 → A → E → A → B → A → C1,20,C1,True,20,0,20,100.0,32772472.0,1638623.6,{'C1': 1}
B → C1 → B → C1 → B → D → A → E → A → B → A → B → A → C1 → A → E → A → B → A → C1 → B → A,22,A,True,19,0,19,100.0,31795772.0,1673461.6842105263,{'B': 1}
B → C1 → B → C1 → B → D → A → E → A → B → A → B → A → C1 → A → E → A → B → A → C1 → B → A → D,23,D,True,18,0,18,100.0,30510128.0,1695007.111111111,{'D': 1}
B → C1 → B → C1 → B → D → A → E → A → B → A → B → A → C1 → A → E → A → B → A → C1 → B → A → D → A → B,25,B,True,17,0,17,100.0,20868349.0,1227549.9411764706,"{'A': 2, 'B': 1}"
B → C1 → B → C1 → B → D → A → E → A → B → A → B → A → C1 → A → E → A → B → A → C1 → B → A → D → A → B → C1 → A,27,A,True,14,0,14,100.0,20097071.0,1435505.0714285714,{'A': 11}
B → C1 → B → C1 → B → D → A → E → A → B → A → B → A → C1 → A → E → A → B → A → C1 → B → A → D → A → B → C1 → A → B,28,B,True,3,0,3,100.0,906996.0,302332.0,{'B': 3}
